Best,Mean,Worst,Diversity
317558.1012020733,318559.903250023,321590.4874021014,297772.82495729416
317558.1012020733,317570.9819998266,317597.78354025324,2250.4761145988596
317551.0004618357,317561.97336956154,317574.70172957616,1474.9341874134843
317551.0004618357,317559.03609244805,317572.94992664777,1627.975415245979
317551.0004618357,317551.97282627417,317562.9542291033,339.52440061152447
317551.0004618357,317551.12535386067,317553.4983023363,47.45896951161558
317551.0004618357,317551.00046183565,317551.0004618357,0.0
