Best,Mean,Worst,Diversity
14100.887706557185,14454.65095016191,15306.12424269036,68222.15837158525
14098.404350244662,14247.017552271524,14478.51920219273,28791.695697810042
14096.19595974105,14162.920969507444,14360.028183120898,16972.497200158745
14096.19595974105,14126.103552827457,14293.287365177279,7843.998563234245
14096.19595974105,14109.583425710473,14171.678435320979,3717.5917089658287
14096.19595974105,14105.01355374068,14171.678435320979,2928.3180048297945
14096.19595974105,14101.743068297525,14171.678435320979,1956.3350209015462
14096.19595974105,14101.522229247163,14171.678435320979,1921.0007728437467
