Best,Mean,Worst
331.03085915180816,331.66920450943644,332.32883786942307
331.03085915180816,331.40681720846436,332.32883786942307
331.03085915180816,331.2268276792753,331.5992581595245
331.03085915180816,331.18270603035705,331.5992581595245
331.03085915180816,331.1330679849164,331.2333661118899
331.03085915180816,331.1229426369123,331.2333661118899
331.03085915180816,331.0853073040979,331.2333661118899
