Best,Mean,Worst,Diversity
16.07778948516849,17.417145478430204,19.382635638208235,259.80054484418804
16.0740957736839,16.64905994812831,17.64894261526833,126.32943842165106
16.0740957736839,16.316184080371933,17.293522950181647,63.810596974653706
16.0740957736839,16.14150078250687,16.76828038640639,20.7804854810913
16.0740957736839,16.086795132227685,16.184177404304037,4.131709976065764
16.0740957736839,16.077628625854725,16.101111608396433,1.2062317595166476
16.0740957736839,16.074226764517295,16.075405682017866,0.04715670002275374
16.0740957736839,16.074095773683897,16.0740957736839,0.0
