Best,Mean,Worst,Diversity
109.95264270380821,117.0794393630074,126.76070349160648,1165.3283400284045
107.07494235938942,111.48782423836784,118.6463670987476,565.7980792359289
106.17519714933478,108.78881237001056,110.64283872989856,360.21934354176113
106.13365081815817,108.26742105168057,110.57549437059959,358.90536896649627
106.13365081815817,106.95935496190143,110.55981714198123,224.83446330955434
106.08106102655594,106.3391112097573,107.76668080658669,65.27348543023048
106.08106102655594,106.16004647985184,106.25467966185059,10.287162581044626
