Best,Mean,Worst,Diversity
332.8852132584926,334.02534449032663,337.4825175255353,283.35806233002853
332.8852132584926,333.21711032543334,334.0052827059096,93.06925180928954
332.8852132584926,332.888628735763,332.90097095618944,1.0351221242111706
332.8852132584926,332.8873149395702,332.90097095618944,0.7198110379375748
332.8852132584926,332.88521325849257,332.8852132584926,0.0
