Best,Mean,Worst,Diversity
599141.3791627751,601376.5068932349,610990.4461043782,666470.3766125283
599141.3791627751,599967.4578443378,610990.4461043782,243822.29864907265
599141.3791627751,599375.0044972576,599475.1296406075,28035.040137920994
599141.3791627751,599308.2544016913,599475.1296406075,33375.04778323928
599141.3791627751,599208.1292583417,599475.1296406075,21360.03058127314
599141.3791627751,599158.0666866669,599475.1296406075,6341.259078815463
599141.3791627751,599141.3791627752,599141.3791627751,0.0
