Best,Mean,Worst
13.904963251887342,14.837154678204453,16.751184791043936
13.904963251887342,14.386985077453872,15.367354423561938
13.90376304902598,14.056582017604375,15.268556455779514
13.902400143925128,14.021305238311934,15.268556455779514
13.902400143925128,13.94712333294937,14.163703223437842
13.902400143925128,13.9243903925953,14.052720298839658
13.902400143925128,13.9156156378808,13.987292342883084
13.902400143925128,13.915387849006077,13.987292342883084
13.902400143925128,13.908621336393676,13.957297262642703
