Best,Mean,Worst,Diversity
3122292.918923681,3122724.1890534116,3123108.328699462,77299.23404683638
3122292.918923681,3122607.1143074534,3123108.328699462,71322.09337113844
3122292.918923681,3122446.650712502,3123108.328699462,42842.71146298153
3122292.918923681,3122387.5517022824,3123108.328699462,32234.94815304596
3122292.918923681,3122344.162853289,3123108.328699462,18425.349168858957
3122292.918923681,3122298.155644091,3122345.286127771,1885.2193472273648
3122292.918923681,3122292.918923682,3122292.918923681,0.0
