Best,Mean,Worst,Diversity
17802265.791580893,18636963.093875688,22578555.923661157,244289553.5788189
17802265.791580893,18056654.35085017,19651943.1821046,87254091.23615937
17802265.791580893,17983220.008439116,19651943.1821046,65223788.51284367
17802265.791580893,17890736.138912935,19571672.738221675,33618731.98617486
17802265.791580893,17802265.791580893,17802265.791580893,0.0
