Best,Mean,Worst,Diversity
17808242.714678973,19058429.161330618,21771312.745309137,269866894.25620323
17808242.714678973,18520342.732095372,20421963.351094857,184230589.34795475
17808242.714678973,18065377.77554235,20051068.57550706,89032782.30207194
17808242.714678973,17879504.684222847,19229062.605363734,27044997.276001018
17808242.714678973,17808294.713173103,17808589.371306486,17679.48800318688
17808242.714678973,17808242.71467898,17808242.714678973,0.0
