Best,Mean,Worst,Diversity
13.942411779761906,14.981911871511636,16.844360675274203,207.59264885947414
13.937880293803419,14.140009773274414,14.742255924606225,43.57518190174134
13.937880293803419,14.047714329852372,14.304710169281073,24.512889479420338
13.93257386523199,13.960261009973916,14.136194229470677,7.419446246479119
13.93257386523199,13.943453109171998,14.038638688476244,3.5700882599725023
13.932503890749695,13.934080111566809,13.94260069215613,0.48988717823903194
13.932503890749695,13.932926161267279,13.935587508274782,0.12579075124014238
13.932503890749695,13.932713757266157,13.935214814849434,0.06657851514009039
13.932503890749695,13.932572264165575,13.932753801826195,0.016735452672703488
