Best,Mean,Worst,Diversity
17818279.193245545,18980009.88340389,22193252.7352988,296830700.32338357
17818279.193245545,18305245.507144894,20364157.850147165,151857984.78356978
17818279.193245545,17894832.5286033,19349345.900400817,29090267.435950175
17818279.193245545,17818279.193245538,17818279.193245545,0.0
