Best,Mean,Worst,Diversity
641.829682548402,641.8296825484018,641.829682548402,0.0
641.829682548402,641.8296825484018,641.829682548402,0.0
641.829682548402,641.8296825484018,641.829682548402,0.0
