Best,Mean,Worst
600.3709901404115,600.8701695488642,602.140292896258
600.3709901404115,600.7627531712415,602.140292896258
600.3709901404115,600.4973577578645,602.140292896258
600.3709901404115,600.3899413802418,600.7500149370192
600.3709901404115,600.3709901404114,600.3709901404115
