Best,Mean,Worst,Diversity
3349.2164385314018,3355.770019494094,3384.321295416437,1621.7850510262883
3349.2164385314018,3352.6880877467024,3358.143206738612,783.2700240873278
3349.2164385314018,3351.5472761319033,3358.059823427771,625.2810506165788
3349.2164385314018,3350.9489125000337,3356.3713249831794,497.5790683977343
3349.2164385314018,3350.722454914515,3356.3257310175495,449.32865094226145
3349.2164385314018,3349.924571724975,3354.8512051514654,235.98884422713127
3349.2164385314018,3349.83126107012,3354.8512051514654,214.2982743875632
