Best,Mean,Worst,Diversity
19053.117191728288,20272.788506623438,21533.725288929374,233427.52818297996
19052.256338892046,19596.830446561504,21428.809917728788,158072.84210234042
19052.256338892046,19183.05154248615,20519.144174282024,43847.5803878259
19050.342451868986,19069.731457534093,19134.229979292788,5386.023961618772
19050.17787989213,19058.817775675838,19134.229979292788,2564.8520285140476
19050.17787989213,19054.67770562892,19123.354055389813,1604.9385306235235
19050.17787989213,19050.58626556344,19055.077137528566,147.6622116589715
19050.17787989213,19050.177879892122,19050.17787989213,0.0
