Best,Mean,Worst,Diversity
14333.324221363835,14583.4953637291,14913.241902880245,42999.52074043334
14297.5571125344,14472.104499794636,14802.728293540455,29662.221040319317
14297.5571125344,14394.894327591775,14647.877285844499,17307.491934414065
14297.5571125344,14342.442079267228,14396.51940638161,7046.433933427643
14297.5571125344,14322.549278849221,14396.333943261985,5991.683866753583
14297.5571125344,14313.151384126895,14390.843150373601,4432.074536484561
14297.5571125344,14301.656056992308,14324.183065651641,1218.3105218528253
