Best,Mean,Worst,Diversity
317954.2091451402,318547.51739003294,320842.7500679258,184463.22639694536
317954.2091451402,318113.90425745916,320835.11888621055,56589.67832763324
317954.2091451402,317963.3871419352,317992.98200880655,1849.380265525775
317954.2091451402,317957.99658975593,317969.1605426096,1087.0067513387767
317954.2091451402,317955.52563357435,317969.1605426096,477.5088625627104
317954.2091451402,317954.20914514014,317954.2091451402,0.0
