Best,Mean,Worst,Diversity
584450.4511044851,584455.7477867204,584465.5844823003,1377.1373811875237
584450.4511044851,584452.7211111573,584465.5844823003,771.8022685776232
584450.4511044851,584450.4511044851,584450.4511044851,0.0
584450.4511044851,584453.477780048,584465.5844823003,968.5361801758409
584450.4511044851,584451.2077733758,584465.5844823003,287.53417848970275
584450.4511044851,584450.4511044851,584450.4511044851,0.0
584450.4511044851,584453.4777800483,584465.5844823003,968.5361801758409
584450.4511044851,584451.2077733759,584465.5844823003,287.53417848970275
584450.4511044851,584450.4511044851,584450.4511044851,0.0
