Best,Mean,Worst,Diversity
16.75924489216689,17.792345037966488,19.80829328788102,198.4603532756255
16.72055289255404,17.170808834248014,18.03104691348927,83.80857743962686
16.72055289255404,16.85518686773739,17.272602244032207,24.280527660378205
16.718712714285786,16.79512639328719,17.21400173430895,17.135319237267563
16.716619944541627,16.762096201377126,17.111295195173323,11.996494516672122
16.716619944541627,16.736629850014527,16.7922164095685,4.732624283365698
16.716619944541627,16.727604208516638,16.786874175678115,3.057368015717742
16.716619944541627,16.7184829942368,16.72483435871388,0.45252415177227334
