Best,Mean,Worst,Diversity
3332.9912332754584,3338.9038706291713,3355.6742033605183,1517.8006192669104
3332.9912332754584,3336.18947463836,3351.628468978091,945.2719118865657
3332.9615425560514,3334.0734289726797,3340.3318044287616,314.8873740781478
3332.9615425560514,3333.1139974981197,3334.5973616161864,45.55782459975171
3332.9615425560514,3333.006605112787,3333.2272379706164,13.451140501078953
3332.9615425560514,3332.974406811651,3333.07037407103,3.997695546047453
3332.9615425560514,3332.9630270920197,3332.9912332754584,0.5641236687324636
3332.9615425560514,3332.96154255605,3332.9615425560514,0.0
