Best,Mean,Worst,Diversity
35509.93423563016,35906.767888781265,36698.169329281496,63147.29770314059
35174.0532975442,35640.87060366657,36035.57521841074,61558.441782398404
35165.2592258489,35513.30382569634,36022.20896040476,58072.37040512093
35165.2592258489,35349.14983334574,35795.877220049064,46653.17654324388
35165.2592258489,35221.31453914056,35759.11094111987,19511.293149822384
35165.2592258489,35187.29452596621,35572.38478061458,8220.341225370561
35165.2592258489,35166.97655209604,35177.8631883646,569.7476334590247
35165.2592258489,35165.87434996416,35171.69215709651,222.00806167935662
