Best,Mean,Worst,Diversity
317242.18028121785,317329.48426602565,317408.67389002035,13022.406008844846
317242.18028121785,317282.2155399308,317408.67389002035,6764.775238228671
317242.18028121785,317263.7445831873,317289.4519768937,4096.775274636166
317242.18028121785,317249.9551667249,317275.06540660246,2054.785974318569
317242.18028121785,317247.2295488614,317275.06540660246,1549.79603357648
317242.18028121785,317243.6375913026,317262.59292062494,531.5109020348755
317242.18028121785,317243.24091156817,317262.59292062494,401.4395979254041
317242.18028121785,317242.1802812179,317242.18028121785,0.0
