Best,Mean,Worst,Diversity
538657.0211465756,538657.0211465756,538657.0211465756,0.0
