Best,Mean,Worst,Diversity
524298.4322262916,524320.9356778956,524330.5039009879,2361.582477900083
524298.4322262916,524314.1088441603,524330.5039009879,2088.5091284968657
524298.4322262916,524307.0224817109,524330.5039009879,1028.562120300252
524298.4322262916,524301.2268949653,524307.7477885376,782.5072286655195
524298.4322262916,524299.8295606284,524307.7477885376,475.09367454692256
