Best,Mean,Worst
617.7296041729492,617.9793428621531,618.1458353216226
617.7296041729492,617.8435770866129,618.1458353216226
617.7296041729492,617.8327204514757,618.1458353216226
617.7296041729492,617.7965654499783,618.1458353216226
617.7296041729492,617.7296041729494,617.7296041729492
