Best,Mean,Worst,Diversity
3349.2164385314018,3355.770019494094,3384.321295416437,1621.7850510262883
3349.2164385314018,3351.742301195683,3359.71833884627,682.1330938986089
3349.2164385314018,3350.1027508448433,3355.6231596987927,294.88718839968305
3349.2164385314018,3349.67419551464,3353.7316048492194,158.67550700493211
3349.2164385314018,3349.421908853594,3353.0213920549863,75.94755199102792
3349.2164385314018,3349.224049854408,3349.2671806847757,2.5878498220690744
3349.2164385314018,3349.22151274674,3349.2671806847757,1.8267175214605231
3349.2164385314018,3349.2164385314018,3349.2164385314018,0.0
