Best,Mean,Worst,Diversity
12662.683675686789,13056.844312640393,13691.185810651441,60313.38299211528
12662.683675686789,12879.946002035476,13349.883465451854,47054.53007446168
12656.981836149333,12712.509898050399,13349.883465451854,17133.626612903347
12656.981836149333,12667.504457697501,12728.266734820729,3018.091282762198
12656.456413583688,12658.692206446156,12675.884809184607,553.0032728660644
12656.456413583688,12656.880486986487,12658.10998718675,104.9952100044211
12656.456413583688,12656.562417068837,12656.896898405175,31.88339994958733
12656.456413583688,12656.519398016742,12656.876309804069,21.414707239426207
