Best,Mean,Worst
331.03085915180816,331.66920450943644,332.32883786942307
331.03085915180816,331.44247432166617,332.32883786942307
331.03085915180816,331.2734522145058,332.32883786942307
331.03085915180816,331.16588760185334,331.5568442402815
331.03085915180816,331.1440406354065,331.5568442402815
331.03085915180816,331.1087404993196,331.5568442402815
331.03085915180816,331.09861515131547,331.5568442402815
