Best,Mean,Worst,Diversity
2731268.113151459,2731268.1131514604,2731268.113151459,0.0
2731268.113151459,2731268.11315146,2731268.113151459,0.0
2731268.113151459,2731268.1131514595,2731268.113151459,0.0
