Best,Mean,Worst,Diversity
4807273573291372.0,4816713482853655.0,4889281148318453.0,1725651928963841.0
4557524472569764.0,4786606983408144.0,4812658973527539.0,9335633241092588.0
4557524472569764.0,4697579178084730.0,4812658973527539.0,2.526370099505595e+16
4557524472569764.0,4646552277893175.0,4812658973527539.0,2.3179541785504404e+16
4557524472569764.0,4608282102749509.0,4812658973527539.0,1.6258597858227444e+16
4557524472569764.0,4583037922665539.0,4812658973527539.0,9184842034479900.0
4557524472569764.0,4557524472569762.0,4557524472569764.0,0.0
