Best,Mean,Worst,Diversity
299.85094716261915,300.8043533353378,301.4611712137847,146.19173266094958
299.85094716261915,300.5630121586406,301.4611712137847,149.44113318301186
299.85094716261915,300.05561914642095,301.4611712137847,67.69377829278864
299.85094716261915,299.8674850788287,300.0144020149368,5.93825535718247
299.85094716261915,299.8674850788287,300.0144020149368,5.93825535718247
299.85094716261915,299.85931233621284,300.0144020149368,3.167220106888692
299.85094716261915,299.85094716261926,299.85094716261915,0.0
