Best,Mean,Worst,Diversity
17802165.934372354,19019872.41537223,21779089.905831855,265794903.8418898
17802165.934372354,18442514.36684504,20354210.961235594,187486449.70026502
17801949.109766018,17948406.398067314,19269997.199740067,52668587.639951885
17801949.109766018,17874897.926423017,19257477.885996103,27689100.732289486
17801949.109766018,17802064.581125442,17803056.554484483,37102.6550562568
17801949.109766018,17802015.323232256,17803056.554484483,24727.467958562076
17801949.109766018,17801949.109766014,17801949.109766018,0.0
