Best,Mean,Worst,Diversity
304.61047347542114,305.60481454908506,307.861929646637,272.3456130481555
304.61047347542114,304.6378862518337,304.6501529812316,2.4205612489109285
304.61047347542114,304.62163803182887,304.63883532246575,2.701115427077866
304.61047347542114,304.61189156777334,304.63883532246575,0.5388750938475368
304.61047347542114,304.6104734754211,304.61047347542114,0.0
