Best,Mean,Worst,Diversity
17817096.22626089,18656736.698828943,22032398.73984962,233066644.78279597
17817096.22626089,18199056.74256041,20644705.561259814,127546346.6751009
17817096.22626089,17962530.791503906,19516458.36824419,52827643.95096715
17817096.22626089,17817224.833241526,17818150.019933105,44904.856222853065
17817096.22626089,17817096.26686611,17817096.63231306,14.617878198623657
17817096.22626089,17817096.2465635,17817096.63231306,7.714991271495819
17817096.22626089,17817096.226260893,17817096.22626089,0.0
