Best,Mean,Worst,Diversity
3337.48190742792,3365.3328037335423,3454.732750982169,6031.326258395972
3336.5399005193167,3350.216935296209,3403.7467233584052,3472.01018678178
3336.5399005193167,3341.467239550827,3354.6626006645274,955.9592948754866
3336.5399005193167,3339.52862876509,3344.444632415113,654.6490226663891
3336.5399005193167,3337.778040289157,3343.9257961973667,395.72374638406245
3336.5399005193167,3337.045821254074,3343.1444069795475,177.39728893768233
3336.5399005193167,3336.5442225656407,3336.5477587853593,0.7779683382177609
3336.5399005193167,3336.5422579991296,3336.5477587853593,0.6600943475787062
3336.5399005193167,3336.5399005193167,3336.5399005193167,0.0
