Best,Mean,Worst,Diversity
3354.6874736737195,3373.782080688071,3413.440985083672,3509.4158695993647
3352.491583350071,3362.9993328212513,3400.9733964490897,1837.2450931804087
3352.491583350071,3358.2694682800443,3368.8828524743794,1103.903320098715
3352.491583350071,3354.7057318587176,3364.8336050089365,658.0886950669442
3352.491583350071,3353.6758331375604,3362.3776815189617,384.8535509702974
3352.491583350071,3353.2168453980785,3361.815777404481,250.656917757442
3352.491583350071,3352.6071676125307,3353.693021141297,41.65985266234611
