Best,Mean,Worst,Diversity
11792.088453899714,12208.813599535331,13004.990415661421,84917.10697900865
11792.088453899714,11935.778658011292,12470.528064761995,30135.27951301309
11792.088453899714,11819.78650777346,11993.314103169587,8061.7336216076565
11791.907791410571,11796.518048664058,11809.573226737319,897.7480702022003
11791.907791410571,11794.318187324263,11809.573226737319,681.8731120996817
11791.907791410571,11792.848730775746,11796.22451794684,277.29998000905834
11791.907791410571,11792.53542784286,11796.22451794684,211.38944761149833
