Best,Mean,Worst,Diversity
4049481.8484393596,4204042.772759619,4655923.474289393,30255915.129753005
4049481.8484393596,4125584.8203840507,4201952.29598321,13118068.843677547
4049481.8484393596,4079020.5260436265,4168473.6938621975,8865788.956308987
4049481.8484393596,4061276.3911059224,4167427.2751049856,4246035.359962536
4049481.8484393596,4055379.1197726415,4167427.2751049856,2240963.106646894
4049481.8484393596,4049481.8484393596,4049481.8484393596,0.0
