Best,Mean,Worst
4049481.8484393596,4204042.772759619,4655923.474289393
4049481.8484393596,4119687.54905077,4201952.29598321
4049481.8484393596,4084970.118314769,4168473.6938621975
4049481.8484393596,4061328.712043783,4168473.6938621975
4049481.8484393596,4055379.1197726415,4167427.2751049856
4049481.8484393596,4049481.8484393596,4049481.8484393596
