Best,Mean,Worst,Diversity
17816828.770218216,18624041.842056543,22374350.19664604,243831205.14879674
17816828.770218216,18059402.54209098,20864592.073122423,88518687.78307363
17816828.770218216,17908106.13112091,19640437.584063724,34677261.95021577
17816828.770218216,17816864.25675481,17817183.635584198,12775.153175354004
17816828.770218216,17816846.513486512,17817183.635584198,6742.441953659058
17816828.770218216,17816828.770218216,17816828.770218216,0.0
