Best,Mean,Worst,Diversity
301.8567395296131,303.4004997032039,304.8327559604079,291.66492730443457
301.8567395296131,302.37651203348713,304.8327559604079,160.2451535439019
301.8567395296131,301.9359315269277,302.08721317118886,17.528653279730406
301.8567395296131,301.89228018404134,302.08721317118886,9.983790226966505
301.8567395296131,301.8766550972123,301.92072844249253,5.234136028006105
301.8567395296131,301.86811731280085,301.92072844249253,3.7260905833634297
301.8567395296131,301.8599389752571,301.92072844249253,1.2157893447093215
301.8567395296131,301.8567395296131,301.8567395296131,0.0
