Best,Mean,Worst,Diversity
17818279.193245545,18980009.88340389,22193252.7352988,296830700.32338357
17818279.193245545,18275478.391876534,20334114.842973024,142627538.1830529
17818279.193245545,17883173.875904128,19116172.84641735,24659979.410264272
17818279.193245545,17818279.193245538,17818279.193245545,0.0
