Best,Mean,Worst,Diversity
322.1806043398931,325.17218191439275,329.4202059985445,639.702627040781
322.1806043398931,323.2575691491544,328.42193173581137,326.3109650317185
322.1806043398931,322.6069641044286,327.9324752557246,135.3096667670784
322.1806043398931,322.55305284382945,327.93106461391835,127.56183872812085
322.1806043398931,322.226147454182,322.5547637928161,12.096418946162828
322.1806043398931,322.1884896998435,322.24418557571835,2.747095400107014
322.1806043398931,322.18060433989297,322.1806043398931,0.0
