Best,Mean,Worst,Diversity
324062.49462955934,324303.3626503975,326956.22186515195,58054.93191101763
324062.49462955934,324138.9591277023,324183.77059000917,9756.489114598488
324062.49462955934,324092.1081413932,324179.1600994971,7927.497693499725
324062.49462955934,324080.4417998861,324179.1600994971,5705.410476923455
324062.49462955934,324064.74820584204,324091.83398015896,824.8946373607614
324062.49462955934,324062.4946295592,324062.49462955934,0.0
