Best,Mean,Worst,Diversity
324211.87620186625,324475.583211087,324984.26739757386,56060.1938281699
324211.87620186625,324348.102575,324979.08453524625,37309.47842197667
324206.36986003147,324336.32868162927,324979.08453524625,37297.92907090363
324203.25053759874,324234.03835751594,324368.1640115856,6527.757981273171
324203.25053759874,324218.15673185105,324252.89463287895,3408.445116535586
324203.25053759874,324211.68487652316,324251.7552782294,2205.924021781306
324203.25053759874,324206.2027818221,324211.87620186625,605.0086287234444
324203.25053759874,324204.7203250689,324208.5904450025,379.3960124985315
324203.25053759874,324203.2505375986,324203.25053759874,0.0
