Best,Mean,Worst,Diversity
13.904963251887342,14.837154678204453,16.751184791043936,188.3416837446594
13.904963251887342,14.200559625871062,15.18382492962593,70.10691105943413
13.902400143925128,14.045997702553521,14.90579376545039,37.93081469208752
13.902400143925128,13.93509758989541,14.07304596323311,8.809654148970935
13.902400143925128,13.912159770652542,13.98771833681762,3.211582552299051
13.902400143925128,13.903703708339506,13.905766044946942,0.2708503915949887
13.902400143925128,13.90290827385642,13.904366563011992,0.14443153705008704
13.902400143925128,13.902459825793823,13.903593781299106,0.022679110105586986
