Best,Mean,Worst,Diversity
3751266.567886032,3767247.3292490467,3787306.592609782,3553727.461890919
3751266.567886032,3754646.7817830024,3787306.592609782,1221352.774417682
3751266.567886032,3753068.569122219,3787306.592609782,684760.4697512425
3751266.567886032,3753068.569122219,3787306.592609782,684760.4697512425
3751266.567886032,3751266.567886032,3751266.567886032,0.0
