Best,Mean,Worst,Diversity
33639.90426927763,34565.54817224717,35674.967960401125,126479.47561808917
33590.97535830975,34183.94231227647,35377.29371260017,96902.77483745289
33575.09606564038,33851.90711450837,34129.49174980253,47256.86480151264
33575.09606564038,33750.474121033614,34129.49174980253,41956.858828286786
33575.09606564038,33651.43762421484,34031.06206790219,20356.622163686843
33575.09606564038,33591.13827300016,33647.70681175926,4754.8582718401085
33575.09606564038,33577.55634190941,33590.97535830975,798.4647566420244
33575.09606564038,33575.67763030844,33580.91171232101,209.36328050275915
33575.09606564038,33575.09606564038,33575.09606564038,0.0
