Best,Mean,Worst,Diversity
603.7288442072372,603.728844207237,603.7288442072372,0.0
603.7288442072372,603.728844207237,603.7288442072372,0.0
603.7288442072372,603.728844207237,603.7288442072372,0.0
