Best,Mean,Worst,Diversity
11738.418196984192,12068.458779908044,12761.561931745537,70004.58823390883
11738.058317415414,11884.702509107885,12273.719144977847,33954.78410058994
11738.058317415414,11810.226487947608,12104.87072971859,20861.5516405686
11737.468974047813,11756.747759410766,11873.671271457562,5807.712663222303
11737.468974047813,11741.208641221096,11753.88529274531,811.3624896859656
11737.468974047813,11739.497486019163,11748.989354517764,411.3682848452554
11737.468974047813,11738.500016053451,11742.513941945448,223.5569664311315
11737.468974047813,11737.679534238143,11738.424004541552,60.56237679842161
11737.468974047813,11737.523369421182,11738.1978240497,19.95212695005648
