Best,Mean,Worst,Diversity
11760.45814676125,12184.751048673663,12868.820821389803,80606.74554483016
11760.45814676125,11929.5397990237,12403.31197153856,40502.7081142264
11760.45814676125,11794.46857906713,12051.403426255687,10737.069577141418
11760.45814676125,11763.431916528232,11771.41947251422,705.412706725363
11760.383984888462,11761.89753265975,11767.196325473396,391.2341175365855
11760.383984888462,11760.977538025525,11764.639643365059,188.18936595826017
11760.383984888462,11760.615308280492,11764.639643365059,85.67803278656174
11760.383984888462,11760.391401075743,11760.45814676125,2.669827420366346
11760.383984888462,11760.383984888465,11760.383984888462,0.0
