Best,Mean,Worst
608.4070890384,609.4269400687524,610.1068407556539
608.4070890384,608.7470393818508,610.1068407556539
608.4070890384,608.5770642101254,610.1068407556539
608.4070890384,608.4920766242625,610.1068407556539
608.4070890384,608.4070890383998,608.4070890384
