Best,Mean,Worst,Diversity
317954.2091451402,318547.51739003294,320842.7500679258,184463.22639694536
317954.2091451402,317969.9754936922,317992.98200880655,1938.686295209045
317954.2091451402,317962.3064889594,317991.5288393856,1782.244720225921
317954.2091451402,317958.99621737294,317991.5288393856,1474.676523341157
317954.2091451402,317957.1302326607,317967.11741069244,882.4458334979136
317954.2091451402,317954.7780637009,317965.5875163546,216.18905307317618
317954.2091451402,317954.20914514014,317954.2091451402,0.0
