Best,Mean,Worst,Diversity
317119.2430988776,317151.6074474536,317187.496658306,4063.314035677351
317119.2430988776,317139.76569098985,317181.88195015024,2346.5372522941325
317114.0439028884,317132.5535504182,317144.3134731749,2236.917404100008
317114.0439028884,317126.26094438776,317139.9609134359,2520.8047072041663
317114.0439028884,317119.54141284514,317139.9609134359,1662.1141731276875
317114.0439028884,317115.40942704835,317136.15519009606,508.5007887610118
317114.0439028884,317115.14946724894,317136.15519009606,420.11445694504073
317114.0439028884,317114.04390288854,317114.0439028884,0.0
