Best,Mean,Worst,Diversity
323354.8984385719,323882.97136266343,324907.75560623617,77153.26127092377
323335.4175292734,323633.6915110248,324095.80874127155,67282.57255377393
323331.1556410446,323492.75180958526,324069.6955212264,45677.19139919075
323318.7916827566,323379.4220724065,323993.0094934235,16575.408765598608
323318.7916827566,323368.6248463495,323993.0094934235,14890.747542237572
323318.7916827566,323327.78545315925,323362.344169601,2144.1990151242353
323318.7916827566,323323.61733066785,323354.8984385719,1511.0584537667455
323318.7916827566,323319.126106808,323325.48016378545,127.08113954780856
323318.7916827566,323318.79168275656,323318.7916827566,0.0
