Best,Mean,Worst,Diversity
317119.2430988776,317151.6074474536,317187.496658306,4063.314035677351
317119.2430988776,317146.7269300637,317187.496658306,2988.8638441126677
317114.0439028884,317140.35394249053,317184.5370453753,2019.2787314546295
317114.0439028884,317135.43672829575,317144.3134731749,1575.9272121222457
317114.0439028884,317125.79965223337,317139.9609134359,2392.0239231619635
317114.0439028884,317118.4153253711,317139.9609134359,1398.6182862113928
317114.0439028884,317116.23158836475,317137.00082845613,727.3365611801855
317114.0439028884,317114.82378228696,317119.2430988776,265.1589954479132
317114.0439028884,317114.04390288854,317114.0439028884,0.0
