Best,Mean,Worst,Diversity
3369.5036863755786,3370.226156765247,3372.521981989023,137.05092642499676
3369.5036863755786,3369.8454275349914,3370.3957247174967,56.22041465332313
3369.5036863755786,3369.6898184100187,3369.9478646371135,41.138596130355836
3369.5036863755786,3369.5990904144464,3369.9478646371135,27.97308087207739
3369.5036863755786,3369.5818639370227,3369.9478646371135,24.253297795462004
3369.5036863755786,3369.518100746952,3369.609447604409,4.9298825255473275
3369.5036863755786,3369.5082495305446,3369.594949474884,1.7339988867997818
