Best,Mean,Worst,Diversity
3230520.681199044,3230690.7114186063,3230860.7416381687,34006.04391247034
3230520.681199044,3230639.7023527375,3230860.7416381687,30945.49996034801
3230520.681199044,3230588.6932868687,3230860.7416381687,21763.868103981018
3230520.681199044,3230520.681199044,3230520.681199044,0.0
