Best,Mean,Worst
524886.1358805464,524886.1358805465,524886.1358805464
