Best,Mean,Worst,Diversity
41505.62753145266,42213.0619916593,45516.74492726332,189624.1805267792
41485.84241413161,41743.13797499891,42504.455905081915,58027.154803917765
41485.84241413161,41549.94759574054,42236.12146264252,18334.513386802762
41485.84241413161,41510.95281381291,41659.21202058319,4624.587407313884
41485.84241413161,41497.82315673867,41524.568578174636,2351.5718165311337
41485.84241413161,41492.53117429296,41524.568578174636,1862.759097123686
41485.84241413161,41489.17173212182,41510.97576032834,1045.535295568181
