Best,Mean,Worst
298.0193463568461,298.6218728419468,299.3634169744237
298.0193463568461,298.2206665400118,299.3634169744237
298.0193463568461,298.1413923170542,299.3360918553434
298.0193463568461,298.0199611262649,298.0224202039403
298.0193463568461,298.01980743391016,298.0224202039403
298.0193463568461,298.0196537415555,298.0224202039403
298.0193463568461,298.0196537415555,298.0224202039403
