Best,Mean,Worst,Diversity
537565.1972562999,537587.8791551132,537615.6014758849,4990.017738915514
537565.1972562999,537572.7578892377,537615.6014758849,2570.615198835265
537565.1972562999,537570.2376782584,537615.6014758849,1814.551905060187
537565.1972562999,537565.1972562999,537565.1972562999,0.0
