Best,Mean,Worst,Diversity
17802596.403073758,18635931.137540568,20877210.252506226,231881658.62710792
17802596.403073758,18312898.471201252,20877210.252506226,158892350.54595122
17802596.403073758,18125068.199696206,20877210.252506226,112579929.46541333
17802596.403073758,17882071.458903085,19390609.12704,30195237.500571158
17802596.403073758,17802636.743475676,17803056.554484483,14636.039471440017
17802596.403073758,17802596.403073765,17802596.403073758,0.0
