Best,Mean,Worst,Diversity
11738.418196984192,12068.458779908044,12761.561931745537,70004.58823390883
11738.418196984192,11861.23869540098,12449.494958675245,36971.86223481356
11737.828031513356,11778.895090846254,12449.494958675245,14416.546958466464
11737.468974047813,11741.114132964292,11754.977062234573,838.6504716002528
11737.468974047813,11739.206565298928,11752.140618056048,523.6768421709385
11737.468974047813,11737.901579807727,11741.660776866782,140.05947836023188
11737.468974047813,11737.510870751705,11737.887941086774,15.082813402579632
11737.468974047813,11737.46897404781,11737.468974047813,0.0
