Best,Mean,Worst,Diversity
317061.28464934323,318183.6225275037,320492.64638653304,285834.8551408663
317061.28464934323,317830.9863780957,320115.38411850546,228680.06084984617
317061.28464934323,317077.21769049286,317170.94199455914,5163.810403521347
317061.28464934323,317063.2115237542,317088.9248948609,685.0223909111228
317061.28464934323,317061.80683701416,317069.0074670624,179.38476506393636
317061.28464934323,317061.32999827154,317061.73813862656,16.325614199973643
317061.28464934323,317061.28464934323,317061.28464934323,0.0
