Best,Mean,Worst,Diversity
3328.8654246588935,3346.146881809561,3415.6042569492483,4096.610487150156
3328.8654246588935,3334.956281625048,3349.243761448126,1666.938520126861
3328.8654246588935,3334.5261759992172,3349.243761448126,1595.630415672365
3328.8654246588935,3332.8276749784322,3348.076516946548,1236.611840585068
3328.8654246588935,3332.527344603636,3348.076516946548,1169.5648388107334
3328.8654246588935,3331.5370079821405,3346.9195860256063,904.8653767104593
3328.8654246588935,3330.6413822487875,3346.328059444628,634.8986112755338
