Best,Mean,Worst,Diversity
317782.7843593495,317814.5762417282,317984.8601326806,10097.949466782855
317782.7843593495,317785.9954481148,317840.32236812427,1202.6150722087477
317781.6430368568,317782.71513641736,317783.2334525199,57.25496387318708
317781.4667908196,317782.24432732223,317782.7843593495,121.97947467741324
317780.4345032475,317781.64595980465,317782.7843593495,142.61092528206063
317780.4345032475,317781.1479182082,317782.7843593495,136.54325251298724
317780.4345032475,317780.9150237882,317782.7843593495,128.18353033741005
317780.4345032475,317780.60697098717,317781.6430368568,58.99152351584053
317780.4345032475,317780.4345032476,317780.4345032475,0.0
