Best,Mean,Worst,Diversity
17807929.13392683,18983406.70863582,22149058.64018322,290218734.6359804
17807929.13392683,18294365.434912704,20468638.013021443,152462303.91038486
17807694.307090618,17931155.743602965,20270231.82705991,46823607.13180192
17807694.307090618,17807896.962222215,17808242.714678973,31149.005007404834
17807694.307090618,17807787.094493847,17808057.01688601,25060.17709833756
17807694.307090618,17807735.925264012,17808057.01688601,14405.944871298969
17807694.307090618,17807717.789774243,17807929.13392683,8453.766103684902
17807694.307090618,17807694.307090618,17807694.307090618,0.0
