Best,Mean,Worst,Diversity
3337.48190742792,3365.3328037335423,3454.732750982169,6031.326258395972
3336.731936169878,3346.341084637336,3382.6918816828083,1896.4621399205048
3336.5477587853593,3340.5591332387426,3349.703927913595,793.2949573497808
3336.5399005193167,3337.969979298613,3343.1444069795475,410.8195003433425
3336.5399005193167,3336.909315153418,3341.9674160342647,134.19388439978184
3336.5399005193167,3336.83651528041,3341.9674160342647,110.57721924748466
3336.5399005193167,3336.5402934326194,3336.5477587853593,0.14930705480946926
3336.5399005193167,3336.5399005193167,3336.5399005193167,0.0
