Best,Mean,Worst,Diversity
330.71412878724806,331.0403260687509,331.94024417439954,88.18359257470411
330.71412878724806,330.8030113944345,331.7770112011844,25.71884948619015
330.7077593680872,330.73386101597714,330.8330584768269,6.232995080465116
330.7077593680872,330.7165268057921,330.74531312056547,2.4437718204176804
330.7077593680872,330.71106836794195,330.74531312056547,1.1237344256747406
330.7077593680872,330.708553738402,330.71727735522325,0.2891218813201135
330.7077593680872,330.70775936808707,330.7077593680872,0.0
