Best,Mean,Worst,Diversity
17802724.0353314,18438400.32101228,20512432.719515786,167045215.27873862
17802724.0353314,17989373.322524004,19416240.234558742,64502619.47349028
17802724.0353314,17803012.35535313,17803995.80910269,56553.564540382475
17802724.0353314,17802858.59183641,17803072.04292228,32479.42245684564
17802724.0353314,17802724.03533139,17802724.0353314,0.0
