Best,Mean,Worst,Diversity
632.9338169177881,651.3720948670627,994.1081978982395,6912.028528410319
632.9338169177881,633.1919075567411,633.625478498733,56.5901664655097
632.9338169177881,633.0397522147367,633.625478498733,31.36347915935528
632.9338169177881,632.9836051422077,633.625478498733,17.094907834728815
632.9338169177881,632.939898975937,632.994637499277,2.189540933599801
632.9338169177881,632.9338169177881,632.9338169177881,0.0
