Best,Mean,Worst
11614.477972538993,11968.445718906845,12618.780840965152
11614.477972538993,11743.022856696676,12236.754947830026
11613.578592372774,11633.862738180156,11920.238564606996
11613.578592372774,11617.568157631062,11625.194808810578
11613.578592372774,11615.735262181133,11621.326055572012
11613.578592372774,11614.73670765253,11617.296074238946
11613.578592372774,11614.214316566498,11615.887367578613
11613.578592372774,11613.972045721577,11615.607174434495
