Best,Mean,Worst,Diversity
3338.484813785214,3349.8812660521166,3393.693216943587,2480.703410249988
3338.484813785214,3342.1532842231345,3353.719379474304,1040.334524637115
3338.484813785214,3339.856281755543,3351.852350325891,464.1176302121157
3338.484813785214,3338.618908028408,3340.054309486596,42.53524133560768
3338.484813785214,3338.5160101950232,3338.757481935095,10.630405275745034
3338.484813785214,3338.488837645958,3338.5282896484496,1.455064379236319
3338.484813785214,3338.4848137852155,3338.484813785214,0.0
