Best,Mean,Worst,Diversity
296.06266226602446,296.07942200154855,296.11441342678035,4.209404760581663
296.06266226602446,296.07493681639136,296.11441342678035,3.3302862259563426
296.06266226602446,296.0626622660245,296.06266226602446,0.0
