Best,Mean,Worst
611.599515690714,611.5995156907139,611.599515690714
