Best,Mean,Worst,Diversity
651.8553077562917,689.4468811774898,1038.2983183757838,13554.02098444628
651.8553077562917,651.8553077562918,651.8553077562917,0.0
651.8553077562917,688.4360773884475,1017.8841083093315,13169.519276039024
651.8553077562917,651.8553077562918,651.8553077562917,0.0
651.8553077562917,651.8553077562918,651.8553077562917,0.0
