Best,Mean,Worst,Diversity
4195480.157130237,4606303.239141772,4862155.021254865,47343760.307283536
4195480.157130237,4531061.176705071,4862155.021254865,40565391.05052841
4195480.157130237,4393073.271395439,4668309.300699024,44966709.86884384
4195480.157130237,4256826.8206223715,4635771.769659929,20951807.155072324
4195480.157130237,4195480.157130237,4195480.157130237,0.0
