Best,Mean,Worst,Diversity
17802596.403073758,18557869.889510833,20891896.027022272,186346574.7693
17802596.403073758,18162419.432075106,19494983.50524783,111332816.95047118
17802596.403073758,18104336.967677902,19445070.788913783,98148456.799553
17802596.403073758,18048793.879409812,19445070.788913783,83710003.64552456
17802596.403073758,17884682.072879545,19442946.630025476,31188465.0187068
17802596.403073758,17802665.14796561,17803277.987655763,24043.119138401
17802596.403073758,17802613.735905137,17802943.059701268,6586.4759226851165
