Best,Mean,Worst,Diversity
2633431.6000718903,2633431.600071891,2633431.6000718903,0.0
2633431.6000718903,2633431.600071891,2633431.6000718903,0.0
2633431.6000718903,2633431.600071891,2633431.6000718903,0.0
