Best,Mean,Worst,Diversity
87.9862,91.20857392857147,152.43367857142857,1224.5020928571423
87.9862,87.98620000000003,87.9862,0.0
87.9862,107.39281353896108,153.71736363636364,5440.433930519484
87.9862,87.98620000000003,87.9862,0.0
87.9862,97.72023461038964,153.71736363636364,3312.139137662341
87.9862,87.98620000000003,87.9862,0.0
