Best,Mean,Worst,Diversity
416.00555619055854,433.7765453217965,462.55695977383834,2614.3956236149124
414.9209271346838,424.95743259669933,442.70214182082395,1822.2248988287909
412.4000552417386,417.4434355823681,432.03572789353404,973.9092182849183
412.4000552417386,415.6685217682058,423.44075851466573,673.3867720346323
412.3143489035043,414.2640992637447,421.59507381093954,416.47239412936705
411.9117411656774,413.019037770631,415.5023240005092,198.1587990559819
