Best,Mean,Worst,Diversity
17807929.13392683,18983406.70863582,22149058.64018322,290218734.6359804
17807929.13392683,18372484.795200806,20539898.111669034,168636618.87632957
17807694.307090618,17877124.02213962,19190516.85209378,26307572.23451224
17807694.307090618,17807824.934883647,17808242.714678973,37726.19521288946
17807694.307090618,17807746.611441188,17808242.714678973,18410.64069834724
17807694.307090618,17807706.048432432,17807929.13392683,4461.709888055921
17807694.307090618,17807694.307090618,17807694.307090618,0.0
