Best,Mean,Worst
331.8662076145879,334.7271038189677,341.7619408186585
331.8662076145879,333.4125152235831,338.12263464728744
331.77264543720037,332.43523909778446,334.68917857693793
331.77264543720037,332.0237534789713,332.73267416619433
331.77264543720037,331.9465029541385,332.73267416619433
331.77264543720037,331.8827468705933,332.7107392252278
331.77264543720037,331.8780687617239,332.7107392252278
