Best,Mean,Worst,Diversity
14.100546514431281,14.966876484193099,16.725209916396857,164.89165370273471
14.100546514431281,14.420927353668167,15.491905139183242,75.62832089832452
14.100546514431281,14.204682231469395,14.591753632632598,18.20744699812323
14.100546514431281,14.16453146795953,14.26818615976716,11.649725208163561
14.100546514431281,14.140500548508609,14.239647198070262,9.33390315907314
14.100546514431281,14.109410105019194,14.19331403967873,2.895115174584788
14.100546514431281,14.10109934917494,14.102560797648065,0.15940722836229249
14.100546514431281,14.100839798213801,14.102560797648065,0.09989366005740052
14.100546514431281,14.100546514431281,14.100546514431281,0.0
