Best,Mean,Worst,Diversity
17802183.936602246,18388973.271942385,20603744.74710743,167375090.16849914
17802183.936602246,17932521.193587992,19353884.777187943,47417086.79658185
17802183.936602246,17854932.05880977,18856982.67079556,20043795.30898967
17802183.936602246,17802183.936602242,17802183.936602246,0.0
