Best,Mean,Worst,Diversity
81.51489162561577,81.54222762021516,81.57563828028111,6.013918811868365
81.51489162561577,81.5300782892821,81.57563828028111,4.555999099900276
81.51489162561577,81.51489162561576,81.51489162561577,0.0
