Best,Mean,Worst
2902425.642875543,2902425.642875544,2902425.642875543
