Best,Mean,Worst,Diversity
3567055.855116077,3567603.577451214,3568151.299786352,109544.46702753194
3566609.6242742287,3567362.176975067,3568151.299786352,100495.73829824012
3565526.917817356,3566804.202979176,3567055.855116077,83776.80317878071
3565526.917817356,3566269.074924624,3567055.855116077,152447.49903022218
3565526.917817356,3565733.946870071,3567055.855116077,71282.33960703481
3565526.917817356,3565526.917817355,3565526.917817356,0.0
