Best,Mean,Worst
305.47038754147036,305.6072616081432,305.8276274012427
305.47038754147036,305.5120325751726,305.5680017809859
305.47038754147036,305.49430273994597,305.55713146860467
305.47038754147036,305.4786568273745,305.5066193735005
305.47038754147036,305.4703875414704,305.47038754147036
