Best,Mean,Worst,Diversity
298.0193463568461,298.6218728419468,299.3634169744237,132.8297513718009
298.0193463568461,298.3485143625632,299.3634169744237,99.07294595295537
298.0193463568461,298.14459699093703,299.2687788506619,45.065637496007184
298.0193463568461,298.0195000492007,298.0224202039403,0.05840309479060579
298.0193463568461,298.01934635684603,298.0193463568461,0.0
