Best,Mean,Worst,Diversity
317119.2430988776,317151.6074474536,317187.496658306,4063.314035677351
317119.2430988776,317145.73352873366,317187.496658306,3394.378915048612
317114.0439028884,317132.8096785243,317152.27273275447,2433.730479477148
317114.0439028884,317121.79382560647,317139.9609134359,1967.3359974925406
317114.0439028884,317116.6230137202,317131.3496119792,877.567504050443
317114.0439028884,317114.9091883431,317131.3496119792,328.80847272486426
317114.0439028884,317114.04390288854,317114.0439028884,0.0
