Best,Mean,Worst,Diversity
16.07778948516849,17.417145478430204,19.382635638208235,259.80054484418804
16.0740957736839,16.62528841424174,17.67734947082321,128.09681103904677
16.0740957736839,16.20064694995809,17.231755420518677,39.264548228324955
16.0740957736839,16.104436666111493,16.306630897049278,9.132607086964267
16.0740957736839,16.088042103791345,16.18709990421296,4.6459800332911385
16.0740957736839,16.07970491409251,16.141807781095437,2.0203694848446823
16.0740957736839,16.076134628147706,16.111179151475486,0.7673772732781643
