Best,Mean,Worst,Diversity
11792.088453899714,12208.813599535331,13004.990415661421,84917.10697900865
11792.088453899714,11901.545999199147,12571.26452448857,30779.16726059407
11792.08041937097,11796.951928364491,11808.265292609734,808.9686631865734
11791.907791410571,11794.486184236079,11799.402042589616,573.0732610288069
11791.907791410571,11792.85629181151,11797.153732950084,254.14973351886147
11791.907791410571,11792.25403306532,11797.153732950084,120.52200109124715
11791.907791410571,11792.081843583492,11794.690288498607,63.706965206099994
11791.907791410571,11791.930111022893,11792.354183657013,8.481452682397503
11791.907791410571,11791.907791410571,11791.907791410571,0.0
