Best,Mean,Worst
17.912635862780093,18.911425355143756,21.35661318981743
17.77527073441681,18.313457824351783,19.2034027065255
17.761849798432884,18.132873906688246,18.85348393345667
17.761849798432884,17.993276325933206,18.270599733737715
17.761849798432884,17.95767907219281,18.179891630711445
17.761849798432884,17.931996752331223,18.126444146919287
17.761849798432884,17.90616868247698,18.075100173381955
