Best,Mean,Worst,Diversity
77.66284130549025,84.83701698138577,97.25734680180986,1037.5555437874414
76.72628452716543,79.59899829752003,86.55413562186985,643.6394125064984
76.72628452716543,78.27280573071246,82.68020579663057,416.8730242373425
76.72434423407901,76.90287871538564,78.03997626876475,54.860605984351565
76.72434423407901,76.78758918882845,77.44141700872902,22.358123261383668
76.72434423407901,76.724635278042,76.72628452716543,0.09895494740743516
76.72434423407901,76.72444124873337,76.72628452716543,0.03686556864198565
