Best,Mean,Worst,Diversity
651.8553077562917,679.790759269142,1038.2983183757838,41386.57734464934
651.8553077562917,651.8553077562913,651.8553077562917,0.0
651.8553077562917,688.4412491029698,1018.1856768853851,13171.88079612871
651.8553077562917,651.8553077562918,651.8553077562917,0.0
651.8553077562917,688.3941535367385,1017.243765560758,3288.4961202401964
651.8553077562917,688.3941535367385,1017.243765560758,3288.4961202401964
651.8553077562917,651.8553077562918,651.8553077562917,0.0
