Best,Mean,Worst,Diversity
324.1902086632967,324.8348185307476,336.45416129974274,238.198087541505
324.1902086632967,324.21142706971364,324.25816752470774,5.5197837122534565
324.1902086632967,324.19954176407623,324.25816752470774,3.106194816819766
324.1902086632967,324.19614382100565,324.25816752470774,2.0523827583735965
324.1902086632967,324.1910544015094,324.20712342755365,0.32138052088237146
324.1902086632967,324.1902086632966,324.1902086632967,0.0
