Best,Mean,Worst
325.4956893989936,325.5607144453441,325.68919067062734
325.4956893989936,325.52085815761893,325.68919067062734
325.4956893989936,325.50150234127176,325.5201522045585
325.4956893989936,325.49796713419676,325.51881006696215
325.4956893989936,325.4968111007983,325.5181234350852
325.4956893989936,325.4956893989937,325.4956893989936
