Best,Mean,Worst,Diversity
3338.484813785214,3349.8812660521166,3393.693216943587,2480.703410249988
3338.484813785214,3342.9536830770035,3356.142704071213,1137.0520071938577
3338.484813785214,3340.6826153438815,3348.84104335858,622.3954419805946
3338.484813785214,3340.0528686777047,3348.84104335858,499.2595528241295
3338.484813785214,3339.7003712559645,3348.84104335858,415.96593518341433
3338.484813785214,3339.7003712559645,3348.84104335858,415.96593518341433
3338.484813785214,3339.6941783011634,3348.84104335858,415.05359510779044
