Best,Mean,Worst,Diversity
83.62986217948719,86.85893114963741,148.2112415824916,1227.046208657083
83.62986217948719,83.62986217948719,83.62986217948719,0.0
83.62986217948719,96.57499053485449,148.43848484848485,4143.141449051897
83.62986217948719,86.87029331293708,148.43848484848485,1231.363830710956
83.62986217948719,83.62986217948719,83.62986217948719,0.0
83.62986217948719,90.08800011978762,148.2112415824916,2324.929658508158
83.62986217948719,83.62986217948719,83.62986217948719,0.0
