Best,Mean,Worst,Diversity
77.70168820362468,82.62086176162211,86.25259092965061,559.4970835154942
76.76300427818992,79.08935568373809,84.62858370637608,517.5311882536338
76.76300427818992,77.50067632644607,84.62858370637608,209.4906405005586
76.76300427818992,76.9374270261979,77.43244809471756,48.79309459157342
76.76300427818992,76.81264170397972,77.38280427938854,16.879436058368384
