Best,Mean,Worst,Diversity
14.100546514431281,14.966876484193099,16.725209916396857,164.89165370273471
14.100546514431281,14.428714754095092,15.107993625740157,59.8904254239508
14.100546514431281,14.298014606139997,15.035326010878038,43.08086529519235
14.100546514431281,14.163867708949223,14.239605651328748,7.629566257279661
14.099783271003613,14.138377821812693,14.187747182721298,7.09214042809141
14.099783271003613,14.108355751386592,14.158051073375486,2.502481799288626
14.099783271003613,14.100654254680128,14.106681374571142,0.28202872982967264
14.099783271003613,14.099783271003613,14.099783271003613,0.0
