Best,Mean,Worst
322686.6429301103,322937.1950108236,327482.92719268723
322686.6429301103,322695.54289567925,322699.2221211379
322686.6429301103,322693.5553014324,322698.2357800006
322686.6429301103,322690.78075380705,322698.2357800006
322686.6429301103,322689.5071608433,322698.2357800006
322686.6429301103,322689.22738626343,322694.58765555016
322686.6429301103,322688.4497170401,322693.9517472958
