Best,Mean,Worst
537045.1938864479,537045.1938864478,537045.1938864479
