Best,Mean,Worst,Diversity
296.06266226602446,296.07942200154855,296.11441342678035,4.209404760581663
296.06266226602446,296.0687995412079,296.11441342678035,2.060026593170221
296.06266226602446,296.06524982406233,296.11441342678035,0.9832720543618052
296.06266226602446,296.0626622660245,296.06266226602446,0.0
