Best,Mean,Worst,Diversity
323682.1703085087,324015.93308515626,327323.38459955377,110000.27125467232
323682.1703085087,323698.4884863059,323838.6088648567,5712.70668800734
323682.1703085087,323682.50746958994,323683.5189528333,101.14832434774144
323682.1703085087,323682.3051729413,323683.5189528333,48.55119568691589
323682.1703085087,323682.23774072505,323683.5189528333,25.624242168094497
323682.1703085087,323682.1703085088,323682.1703085087,0.0
