Best,Mean,Worst
322.1806043398931,325.17218191439275,329.4202059985445
322.1806043398931,323.24920537217724,328.42193173581137
322.1806043398931,322.91012465285695,328.42193173581137
322.1806043398931,322.86350225914396,327.9324752557246
322.1806043398931,322.55084261712364,327.93106461391835
322.1806043398931,322.545821713734,327.93106461391835
322.1806043398931,322.545821713734,327.93106461391835
