Best,Mean,Worst,Diversity
30725.275892122387,31762.27143059395,32675.861969188576,117533.10131990629
30711.109494612883,31314.86259700053,32260.39321968074,94661.94666180255
30711.109494612883,30896.47399634943,31262.664059762665,36273.65184973064
30702.970687849946,30775.83807393443,31038.039743424655,15578.182193945959
30702.970687849946,30727.5699511504,30927.235062953183,7097.8318709448395
30702.970687849946,30709.045035153267,30730.88379984977,1709.267212582603
30702.970687849946,30704.298254616522,30714.218091153223,448.02814132625645
30702.970687849946,30703.038806950488,30704.333069860728,25.88525820486393
30702.970687849946,30702.970687849953,30702.970687849946,0.0
