Best,Mean,Worst,Diversity
316083.54187466553,317255.89755534474,319995.3172148259,326963.74278434494
316083.54187466553,316087.54570873023,316102.19065924274,1242.7493112438824
316083.54187466553,316085.589115261,316102.17998038844,722.3322124781553
316083.54187466553,316085.4974002495,316102.17998038844,698.4863094817847
316083.54187466553,316084.4737799518,316102.17998038844,354.12400873511797
316083.54187466553,316083.54187466565,316083.54187466553,0.0
