Best,Mean,Worst,Diversity
12646.275881777936,12970.335017991762,13716.578172773632,74868.69557292107
12646.275881777936,12731.986985098123,13204.346916343335,22478.640261076485
12646.275881777936,12677.120010336539,12825.261570202223,8382.932479774572
12645.070220227934,12656.352250181431,12721.958077571628,3208.61535852178
12644.876851131938,12654.417318759517,12721.958077571628,3028.9781406344646
12644.876851131938,12646.753788582771,12656.943735300878,567.2446161437692
12644.876851131938,12645.361453484331,12649.333405152162,164.6800466402383
12644.876851131938,12644.876851131938,12644.876851131938,0.0
