Best,Mean,Worst,Diversity
323982.3570328523,324534.5939367275,325516.99720955343,118705.42156646663
323982.3570328523,324229.71888772154,325036.630090529,67744.28798411519
323982.3570328523,324151.6473414473,325036.630090529,50702.89900900697
323982.3570328523,324001.8507282666,324275.83569936035,6750.373033119191
323982.3570328523,323998.71504860354,324275.83569936035,6106.844242524181
