Best,Mean,Worst
576285.4893778664,576285.4893778663,576285.4893778664
