Best,Mean,Worst,Diversity
317061.28464934323,318183.6225275037,320492.64638653304,285834.8551408663
317061.28464934323,317223.98003759596,319894.9324313909,59772.07283172582
317061.28464934323,317062.69249110686,317069.0074670624,408.82885002699913
317061.28464934323,317061.4887195207,317061.73813862656,44.89543904992752
317061.28464934323,317061.32999827154,317061.73813862656,16.325614199973643
317061.28464934323,317061.28464934323,317061.28464934323,0.0
