Best,Mean,Worst,Diversity
599141.3791627751,601376.5068932349,610990.4461043782,666470.3766125283
599141.3791627751,599900.7077487714,610990.4461043782,251832.31011705007
599141.3791627751,599208.1292583416,599475.1296406075,21360.03058127314
599141.3791627751,599141.3791627752,599141.3791627751,0.0
