Best,Mean,Worst,Diversity
19053.117191728288,20272.788506623438,21533.725288929374,233427.52818297996
19053.117191728288,19515.518020338517,21428.424253911577,139087.0316567895
19050.342451868986,19139.158747336493,20431.715281770747,30554.121896077682
19050.342451868986,19057.10332420255,19104.50137737755,1441.05327536412
19050.17787989213,19052.952610979726,19060.13054357985,482.66849015984553
19050.17787989213,19050.64217721093,19054.068434426754,162.00432414412717
19050.17787989213,19050.380636217695,19054.068434426754,76.71825976442415
19050.17787989213,19050.177879892122,19050.17787989213,0.0
