Best,Mean,Worst,Diversity
318000.18260544224,318467.60148259526,319622.33154383965,114815.82030283281
318000.18260544224,318120.2644899668,318296.6038801768,26872.542132161616
318000.18260544224,318030.12116654206,318275.35455578065,10048.8105945118
318000.18260544224,318001.7734267722,318004.8949591585,417.356347020308
318000.18260544224,318001.30219140055,318004.8949591585,337.27848990197526
318000.18260544224,318000.44553558854,318004.8949591585,98.8209571702755
318000.18260544224,318000.44553558854,318004.8949591585,98.8209571702755
318000.18260544224,318000.1826054423,318000.18260544224,0.0
