Best,Mean,Worst,Diversity
305.011783717275,307.09784161432134,325.36842145447366,737.2275087649823
305.011783717275,305.06628297304405,305.1616810016304,11.638364839605345
305.011783717275,305.0354932284331,305.1616810016304,6.025988376537327
305.011783717275,305.0157269208493,305.0264453641404,1.1496260493380532
305.011783717275,305.0139829643048,305.0264453641404,0.7477439901335288
305.011783717275,305.01251679961825,305.0264453641404,0.2785712904419029
305.011783717275,305.01251679961825,305.0264453641404,0.2785712904419029
