Best,Mean,Worst,Diversity
17802165.934372354,18317195.120934717,20545050.867781952,151943080.86420026
17802165.934372354,18026278.309682857,19420500.668070167,76160937.06853808
17801949.109766018,17807779.042020082,17912744.02818926,2145089.2621064223
17801949.109766018,17802112.672934297,17802265.791580893,22312.188876643777
17801949.109766018,17802071.963745482,17802183.936602246,22617.778740398586
17801949.109766018,17802015.05725941,17802183.936602246,18555.309300221503
17801949.109766018,17801970.792226646,17802165.934372354,7805.685828119516
17801949.109766018,17801949.109766014,17801949.109766018,0.0
