Best,Mean,Worst,Diversity
41505.62753145266,42213.0619916593,45516.74492726332,189624.1805267792
41485.84241413161,41706.35208996998,42695.6937041457,53327.67827031579
41485.84241413161,41622.38801703627,42666.7561177475,36833.31916173243
41485.84241413161,41596.58646522609,42652.69815127211,32903.088563678044
41485.84241413161,41560.92680587393,42651.74003579,24252.894557482352
41485.84241413161,41559.49637033806,42651.74003579,24291.089687621956
41485.84241413161,41557.16014142736,42651.74003579,24358.93327979278
