Best,Mean,Worst,Diversity
14.22945603782144,15.226035005174058,17.118517479118253,186.7824026223642
14.189530900584796,14.525925485223178,16.470114249825443,88.34889173096082
14.189530900584796,14.307908029310664,15.665203966657128,38.57903135939597
14.189530900584796,14.198419140001358,14.221749612922821,2.0592341415630706
14.189530900584796,14.194850779641015,14.221479022924711,1.5609540952863146
