Best,Mean,Worst,Diversity
17806772.43567259,18344699.21112553,20960092.90568584,162561485.95737144
17806772.43567259,18071377.40259043,19627312.564743306,86641759.47648871
17806772.43567259,17806862.31081087,17807345.500280693,27795.434935797006
17806772.43567259,17806791.976879068,17806902.71038248,6644.010204467922
17806772.43567259,17806778.949408077,17806902.71038248,2475.21948793903
17806772.43567259,17806772.435672585,17806772.43567259,0.0
