Best,Mean,Worst,Diversity
77.66284130549025,84.83701698138577,97.25734680180986,1037.5555437874414
76.87659493187468,80.73339139729566,83.49684036556727,491.03754565307014
76.72628452716543,78.22118248876993,83.49684036556727,394.0377214775157
76.72434423407901,77.40261009403005,82.57286495455355,234.06927823494652
76.72434423407901,76.74575331106607,77.09812733466185,7.945160067123922
76.72434423407901,76.72444124873337,76.72628452716543,0.03686556864198565
76.72434423407901,76.72444124873337,76.72628452716543,0.03686556864198565
76.72434423407901,76.72434423407904,76.72434423407901,0.0
