Best,Mean,Worst
85.60521474358976,88.86245394053414,150.74999868247693
85.60521474358976,85.60521474358978,85.60521474358976
