Best,Mean,Worst,Diversity
13164.113095860746,13474.449279715927,14094.333154101401,65086.40131252028
13157.335004558185,13301.473035635403,14094.333154101401,33909.31849516543
13157.082828922817,13217.546257545886,13413.817237337447,16492.745817115327
13157.082828922817,13205.096865108073,13413.817237337447,14630.076930915848
13157.082828922817,13158.775547248519,13166.778208461972,514.4861757562303
13157.082828922817,13157.61095730062,13165.627991395966,182.53213781919658
13157.082828922817,13157.133264049888,13157.335004558185,16.13924066349864
13157.082828922817,13157.095437704582,13157.335004558185,4.791337071976159
13157.082828922817,13157.082828922814,13157.082828922817,0.0
