Best,Mean,Worst,Diversity
331.03085915180816,331.66920450943644,332.32883786942307,113.63741766402273
331.03085915180816,331.444801478436,332.32883786942307,77.06842886887517
331.03085915180816,331.2671041606057,332.32883786942307,53.54396498872728
331.03085915180816,331.19925650619,331.5992581595245,30.96281493996611
331.03085915180816,331.1312784708759,331.5568442402815,24.959149504954837
331.03085915180816,331.06892160915237,331.220918662947,10.457317521945413
331.03085915180816,331.03276985794275,331.0499662131548,0.6878542084787114
331.03085915180816,331.0308591518081,331.03085915180816,0.0
