Best,Mean,Worst,Diversity
17802724.0353314,18438400.32101228,20512432.719515786,167045215.27873862
17802724.0353314,18197438.947133265,19415787.40002553,115257702.74497367
17802724.0353314,17933456.58087985,19357882.335895184,47522740.67232984
17802724.0353314,17802879.880701255,17803513.308656994,40600.16797383875
17802724.0353314,17802757.287246704,17803056.554484483,11970.689511045814
17802724.0353314,17802724.03533139,17802724.0353314,0.0
