Best,Mean,Worst,Diversity
43002.948737394065,43675.3019674059,45860.20164373962,182335.7592038529
42938.137928712604,43125.6418500725,43540.443616186356,31679.37064948043
42931.05741613159,43065.56444232432,43389.24642453782,23514.728150628238
42917.24674972473,42990.62794139996,43179.912718511674,13321.416248690788
42917.24674972473,42959.09254396291,43045.92812681672,9792.914599593125
42917.24674972473,42949.55742361097,43028.9707277861,8538.369253074263
42917.24674972473,42944.51434188984,43028.9707277861,7916.439414091321
42917.24674972473,42927.95366564071,43015.863277487784,3714.404674328056
42917.24674972473,42927.38116637893,43015.863277487784,3615.592752746139
