Best,Mean,Worst,Diversity
78.09649057910394,86.97331240789778,99.16913615696689,1184.6033967848189
76.98687567758252,80.90422662009595,96.14796209975815,924.2591588123081
76.86160084638442,78.60042142776868,84.0339594187601,459.0962346244253
76.86160084638442,77.35731103797181,80.47976731324056,148.86272456545703
76.86160084638442,76.96751971648675,77.40880007313814,30.311929106152164
76.86160084638442,76.89247129280302,77.40880007313814,11.529872687289583
