Best,Mean,Worst,Diversity
3337.48190742792,3365.3328037335423,3454.732750982169,6031.326258395972
3337.4110511162585,3348.986126225273,3412.290939933017,2914.200019316513
3336.6805560154085,3342.881733354033,3362.635689652415,1386.6344360681496
3336.5477587853593,3338.4837150022277,3343.571043095553,500.9368584567287
3336.5399005193167,3337.018822501298,3343.1444069795475,160.2867769063455
3336.5399005193167,3336.560071296369,3336.731936169878,6.534891554905698
3336.5399005193167,3336.5402934326194,3336.5477587853593,0.14930705480946926
3336.5399005193167,3336.5399005193167,3336.5399005193167,0.0
