Best,Mean,Worst,Diversity
17806420.16011086,18340550.8505055,20837080.33254432,160637747.0808756
17806420.16011086,17894335.355866563,19557481.289760176,33305225.92030754
17806420.16011086,17806664.773141187,17807067.008299533,43892.60054158047
17806420.16011086,17806580.81926595,17807067.008299533,40261.4875635989
17806420.16011086,17806437.773888946,17806772.43567259,6693.235672824085
17806420.16011086,17806420.160110854,17806420.16011086,0.0
