Best,Mean,Worst,Diversity
17817096.22626089,18656736.698828943,22032398.73984962,233066644.78279597
17817096.22626089,18015677.248035222,20040849.71830055,71898226.24735846
17817096.22626089,17928662.916024555,20040849.71830055,42346110.462350726
17817096.22626089,17817131.42251834,17817798.121148948,13362.39626429975
17817096.22626089,17817096.226260893,17817096.22626089,0.0
