Best,Mean,Worst,Diversity
296.06266226602446,296.07942200154855,296.11441342678035,4.209404760581663
296.06266226602446,296.0713870992457,296.11441342678035,2.797807640195799
296.06266226602446,296.0626622660245,296.06266226602446,0.0
