Best,Mean,Worst
84.75224031007753,84.7522403100775,84.75224031007753
