Best,Mean,Worst,Diversity
323449.4421576917,324136.8650565339,326660.0981475121,200259.6398161968
323449.4421576917,323646.9903265959,325392.2936751163,69889.36949489464
323444.85124287434,323453.01858653623,323458.01368445816,557.9278892564471
323444.82911852794,323449.6403352938,323458.01368445816,971.0243509598658
323444.82911852794,323445.50049048115,323449.9082739249,221.20568158401875
323444.82911852794,323444.9686958141,323447.5985399068,52.99512008699821
323444.82911852794,323444.82911852776,323444.82911852794,0.0
