Best,Mean,Worst,Diversity
17807345.500280693,18916443.20877724,22257829.76547435,295988573.49825954
17807345.500280693,18536321.780582327,22257829.76547435,234440713.42921376
17807345.500280693,18275385.618995845,20383260.18511095,151962635.97535473
17807345.500280693,18092444.831709825,20383260.18511095,99249959.15434116
17807345.500280693,18020881.641536787,20367414.010813486,77719516.12930223
17807345.500280693,18020881.641536787,20367414.010813486,77719516.12930223
17807345.500280693,17935384.273413725,20367414.010813486,48652835.0664933
