Best,Mean,Worst,Diversity
17806420.16011086,18645431.21215347,22003382.362495605,232016333.5408382
17806420.16011086,18117594.655166026,19490005.21457521,100701933.9234452
17806420.16011086,18040783.647573177,19490005.21457521,80357681.78912911
17806420.16011086,17866811.101454046,19009570.62351195,22906222.09811676
17806420.16011086,17806583.940193314,17807067.008299533,47059.80596003309
17806420.16011086,17806511.18126505,17807067.008299533,30660.708683997393
17806420.16011086,17806478.838855617,17807067.008299533,20717.742889683694
