Best,Mean,Worst,Diversity
17802165.934372354,19019872.41537223,21779089.905831855,265794903.8418898
17801949.109766018,18633331.62027533,21778786.03117295,226718959.54404217
17801949.109766018,18145347.85732873,20265689.600993566,117727105.56931499
17801949.109766018,17988589.81019421,20265689.600993566,68342879.10770498
17801949.109766018,17802189.834578134,17803056.554484483,62543.58365896717
17801949.109766018,17802010.109001014,17802265.791580893,18735.20379402116
17801949.109766018,17801987.526428886,17802265.791580893,13261.37979356572
