Best,Mean,Worst,Diversity
318000.18260544224,318467.60148259526,319622.33154383965,114815.82030283281
318000.18260544224,318074.07529587956,318304.60459200974,21441.811557519657
318000.18260544224,318051.87040148646,318251.68287318526,16215.72975053545
318000.18260544224,318026.02054577396,318246.22491169727,9180.443254340615
318000.18260544224,318001.7256790981,318015.2055191178,544.3287664722884
318000.18260544224,318000.1826054423,318000.18260544224,0.0
