Best,Mean,Worst,Diversity
14.098457214872802,14.926924443512704,16.53784432216525,154.92471152189574
14.096183593572228,14.291208417158305,14.92942266140251,47.47172181877302
14.096183593572228,14.145376252002517,14.42176317422076,13.82256376283792
14.096183593572228,14.109085885702466,14.240047701885926,4.243653075225588
14.096183593572228,14.099758440257787,14.129113704864908,1.150107276684798
