Best,Mean,Worst,Diversity
86.85921509738077,95.15094792601735,102.30982372679111,954.5877492502921
85.61711661056944,89.15577335815979,99.80796698396765,841.1721750329891
85.43712687057226,87.70458070252066,94.06357345185903,579.3266702260287
85.43168994366795,86.78760151243475,94.06357345185903,415.7798089698017
85.43168994366795,85.71306582076829,86.5562336247745,65.40243212589515
85.43168994366795,85.54008440358893,86.5562336247745,33.12529146114824
85.43168994366795,85.4622544670214,85.71024461138029,9.99975521689177
85.43168994366795,85.4346438426199,85.46131239297064,1.0309489808295353
85.43168994366795,85.4319617900132,85.43712687057226,0.10330161118187675
