Best,Mean,Worst,Diversity
634.5781067625005,634.7994776097049,634.8705515307399,20.22666125377782
634.5781067625005,634.7242689230804,634.8705515307399,27.48378586053809
634.5781067625005,634.6950244462569,634.8705515307399,26.309188904406483
634.5781067625005,634.6241910918043,634.8705515307399,15.23475870995162
634.5781067625005,634.582421871133,634.6068741533823,1.467136934968721
634.5781067625005,634.5795451320447,634.6068741533823,0.546580426753053
634.5781067625005,634.5781067625006,634.5781067625005,0.0
