Best,Mean,Worst,Diversity
17813003.932098653,19157799.868094295,21837246.499050576,282726632.6529706
17813003.932098653,18795188.62111707,20500171.38242162,221598192.10597128
17813003.932098653,18452330.64867962,20438202.121811938,176223049.53141806
17813003.932098653,17893975.984959215,19431232.939794566,30762107.789922748
17813003.932098653,17813028.173088957,17813246.342001736,8726.756510987878
17813003.932098653,17813016.052593805,17813246.342001736,4605.7881585769355
17813003.932098653,17813003.93209865,17813003.932098653,0.0
