Best,Mean,Worst,Diversity
13.904963251887342,14.837154678204453,16.751184791043936,188.3416837446594
13.904963251887342,14.442370392349698,15.216172705803459,108.52993884273805
13.904963251887342,14.085434370714031,14.548561139059489,40.853324904171586
13.903593781299106,13.932730952563688,13.986581249981914,6.060491035966098
13.902400143925128,13.913264836429613,13.941590940632594,2.8754516439277964
13.902400143925128,13.906787955127266,13.938237068190311,1.4095286672197496
13.902400143925128,13.902823956693434,13.904152119050336,0.12103936640727575
13.902400143925128,13.902500105676106,13.903841041193509,0.03686878987017117
13.902400143925128,13.902400143925124,13.902400143925128,0.0
