Best,Mean,Worst,Diversity
331.65683185363116,332.699777568246,335.5816077860065,287.0003629569793
331.65683185363116,331.99425350054605,335.5816077860065,117.24573564073847
331.65683185363116,331.69071741578944,332.2731884742333,12.631095129897005
331.65683185363116,331.6568318536311,331.65683185363116,0.0
