Best,Mean,Worst,Diversity
3344.251392846103,3344.33602413637,3344.3921850580286,13.074960135801575
3344.251392846103,3344.297384259645,3344.3921850580286,11.422884739252822
3344.251392846103,3344.276109464746,3344.3921850580286,8.043871653038423
3344.251392846103,3344.272511677893,3344.3921850580286,7.180402808205599
3344.251392846103,3344.2584324567006,3344.3921850580286,2.6750520265863997
3344.251392846103,3344.2584324567006,3344.3921850580286,2.6750520265863997
3344.251392846103,3344.251392846104,3344.251392846103,0.0
