Best,Mean,Worst,Diversity
308.60966737028843,308.81368543767655,308.94808169878416,32.326760313460284
308.60966737028843,308.762983797757,308.94808169878416,33.45470917252578
308.60966737028843,308.678267803715,308.94808169878416,21.85796154953914
308.60966737028843,308.6105849380159,308.6268085377377,0.34625536218027264
308.60966737028843,308.60966737028855,308.60966737028843,0.0
