Best,Mean,Worst,Diversity
17817096.22626089,19503812.992964886,22711627.243292417,350040013.6412907
17817096.22626089,18534374.563579712,20542554.498325586,197812141.9716705
17817096.22626089,18185535.26930888,20098294.744914707,120429493.13201562
17817096.22626089,18069818.810219448,19710807.758508474,86626278.10356566
17817096.22626089,17817096.226260893,17817096.22626089,0.0
