Best,Mean,Worst,Diversity
17803088.70870046,18523893.124762308,20567158.32377004,176296020.934774
17803088.70870046,17965763.202912346,19452043.7380212,58568224.65316801
17803088.70870046,17883244.815630253,19403281.758419536,30442224.00946626
17803088.70870046,17803208.029831816,17803668.66288129,36689.82415313646
17803088.70870046,17803088.70870046,17803088.70870046,0.0
