Best,Mean,Worst
13615.424967591094,14033.858831048026,14379.202207118546
13594.188515535281,13924.644120571427,14379.202207118546
13594.188515535281,13848.451756119874,14379.202207118546
13594.188515535281,13737.60069364837,14379.202207118546
13594.188515535281,13707.799767915985,14379.202207118546
13594.188515535281,13655.601536241142,14183.964414357324
13594.188515535281,13643.179843302156,14183.964414357324
