Best,Mean,Worst,Diversity
13164.113095860746,13474.449279715927,14094.333154101401,65086.40131252028
13158.597724458034,13332.441061630045,14082.61864673542,39508.36077617096
13157.082828922817,13260.466637385078,13643.533315104482,27116.84897466401
13157.082828922817,13200.647849320161,13643.533315104482,14749.094516859324
13157.082828922817,13182.907974889773,13643.533315104482,9654.491515045422
13157.082828922817,13157.208916740497,13157.335004558185,25.217563536716625
13157.082828922817,13157.158481613424,13157.335004558185,21.182753370841965
13157.082828922817,13157.095437704582,13157.335004558185,4.791337071976159
13157.082828922817,13157.082828922814,13157.082828922817,0.0
