Best,Mean,Worst,Diversity
85.73067152742696,92.00093076722546,109.65665657241995,969.3644538329692
85.10216057173486,89.37658329061537,95.27520665047805,798.2191213236277
85.09006276434502,87.17635214696108,92.7567187281343,524.2374135316458
85.09006276434502,85.41082623639167,85.77038459356532,52.230147415442076
85.09006276434502,85.23685326252789,85.68633235417691,36.864721163563104
85.09006276434502,85.11498034326075,85.22920890717225,6.521917911585476
85.09006276434502,85.10493050756982,85.22920890717225,4.539417441873141
85.09006276434502,85.0943649895027,85.11454846240795,1.3525199336111626
85.09006276434502,85.09124806500526,85.11376877754974,0.45041425088960807
