Best,Mean,Worst,Diversity
318293.5505159756,319284.53216585633,320526.0971537934,215356.600330305
318293.5505159756,318419.59379747754,320415.02703534614,43245.40120215161
318293.5505159756,318306.5145952776,318338.94794505445,3282.9546030545607
318293.5505159756,318297.3553420861,318334.51226277463,1375.5643711391604
318293.5505159756,318295.5986033157,318334.51226277463,778.2731891810545
318293.5505159756,318293.5505159757,318293.5505159756,0.0
