Best,Mean,Worst
565171.8914814317,565171.8914814314,565171.8914814317
