Best,Mean,Worst,Diversity
17802165.934372354,19019872.41537223,21779089.905831855,265794903.8418898
17801949.109766018,18613922.671763282,20265689.600993566,210741825.5099036
17801949.109766018,18140969.18479387,20259699.62016122,112076747.68071266
17801949.109766018,18004105.807748504,20259699.62016122,73572793.98701568
17801949.109766018,17802102.09767682,17803056.554484483,41816.87781960517
17801949.109766018,17801992.474687282,17802165.934372354,13876.774805545807
17801949.109766018,17801949.109766014,17801949.109766018,0.0
