Best,Mean,Worst,Diversity
3361.771242114328,3366.888457566979,3420.5518135042166,1851.432572641977
3361.771242114328,3366.8759913377276,3420.5518135042166,1850.9794489954902
3361.7227588767278,3363.922425720305,3404.7337527538048,818.9534295126659
3361.7227588767278,3361.7542729811685,3361.771242114328,4.411974621606078
3361.7227588767278,3361.737303848008,3361.771242114328,4.07259195840561
3361.7227588767278,3361.730031362368,3361.771242114328,2.472645117603406
3361.7227588767278,3361.722758876728,3361.7227588767278,0.0
