Best,Mean,Worst,Diversity
596006.0187265385,596020.0055166404,596037.1004823204,3077.0938224076526
596006.0187265385,596009.1269021168,596037.1004823204,1118.9432081482373
596006.0187265385,596006.0187265386,596006.0187265385,0.0
