Best,Mean,Worst,Diversity
11850.325360874873,12212.96367407671,12888.072142773326,71190.50381279353
11848.702609358126,11957.212380229366,12425.96068711444,27381.59453152161
11847.700929523293,11869.295756802952,12016.286989524344,6603.848411264233
11847.700929523293,11850.733844548358,11858.180124049886,581.3402581920182
11847.013794633105,11848.847388014467,11851.979179783433,326.1048998118076
11846.688368922287,11847.955262984691,11850.180860022061,224.5738933855555
11846.688368922287,11847.39449421592,11849.546687193671,143.58331787582574
11846.688368922287,11847.055194425278,11849.546687193671,111.34968190805557
11846.688368922287,11846.916311261406,11849.546687193671,79.17027112544747
