Best,Mean,Worst,Diversity
3338129.737565585,3338129.737565585,3338129.737565585,0.0
3338129.737565585,3338129.737565585,3338129.737565585,0.0
3338129.737565585,3338129.737565585,3338129.737565585,0.0
