Best,Mean,Worst,Diversity
635.9871434558725,635.9871434558727,635.9871434558725,0.0
635.9871434558725,635.9871434558723,635.9871434558725,0.0
635.9871434558725,635.9871434558726,635.9871434558725,0.0
