Best,Mean,Worst,Diversity
322142.11542969756,323544.0582131039,325907.36927374586,345631.1396948061
322142.11542969756,322918.0340022365,325854.7870354596,239258.9177744924
322142.11542969756,322260.1492420115,322618.86172934447,34873.91096108855
322141.82618372334,322190.33112392545,322618.86172934447,17094.275939092506
322141.82618372334,322143.9382861097,322169.84065753315,687.0119344230043
322141.82618372334,322142.17203069077,322143.8827853694,106.7172254214529
322141.82618372334,322141.95492331526,322143.5332376392,45.45009324041894
322141.82618372334,322141.92599871784,322143.5332376392,37.351205962419044
322141.82618372334,322141.82618372334,322141.82618372334,0.0
