Best,Mean,Worst,Diversity
17803088.70870046,18523893.124762308,20567158.32377004,176296020.934774
17803088.70870046,18088984.568761684,19452043.7380212,93314501.89863226
17803088.70870046,18088830.66861163,19452043.7380212,93310574.05731437
17803088.70870046,17858087.897760905,18900901.587310422,20888853.032290757
17803088.70870046,17803128.48241091,17803668.66288129,14682.969915281981
17803088.70870046,17803088.70870046,17803088.70870046,0.0
