Best,Mean,Worst,Diversity
77.70168820362468,82.62086176162211,86.25259092965061,559.4970835154942
76.79005115146667,80.35082049431705,86.25259092965061,699.7171854398373
76.76300427818992,78.94035395931654,83.22138343567593,531.6521025173914
76.76300427818992,77.76862542024267,82.73155361361843,289.7035680303545
76.76300427818992,77.02850074191471,78.28565340778968,78.01029639695895
76.76300427818992,76.79664373669554,77.09794345068565,11.252023363008064
76.76300427818992,76.76310335819139,76.7637807501064,0.03266820715377605
76.76300427818992,76.76301285131387,76.7630900094292,0.00308632461411662
