Best,Mean,Worst,Diversity
14247.703061928267,14575.353732675536,15235.5013099461,63353.29279821835
14235.984786441597,14366.13774645871,14930.43926278188,36455.98502169535
14234.91348649209,14265.738024340657,14485.205637716512,8924.777343197373
14234.729459310929,14237.077335410324,14243.701963341267,582.674714877965
14234.314093012354,14236.63248055164,14243.701963341267,554.0973922493831
14234.291321107161,14234.966247972945,14239.154634487037,189.5813610279165
14234.291321107161,14234.456320750463,14236.438953352048,58.2073810734837
14234.291321107161,14234.339443930885,14234.987828814355,17.420510998135796
14234.291321107161,14234.291321107161,14234.291321107161,0.0
