Best,Mean,Worst,Diversity
3302927.3938356666,3381726.2459421093,3569138.998938131,20603054.218659732
3301730.6077274266,3308163.564147799,3388621.710800121,1954319.0891778753
3301730.6077274266,3302747.8759194296,3302927.3938356666,61036.091520240996
3301730.6077274266,3302508.5186977815,3302927.3938356666,108907.53584984178
3301730.6077274266,3302149.4828653093,3302927.3938356666,108907.53584984178
3301730.6077274266,3301850.286338249,3302927.3938356666,43084.2998966407
3301730.6077274266,3301790.447032837,3302927.3938356666,22738.93605656037
3301730.6077274266,3301730.607727425,3301730.6077274266,0.0
