Best,Mean,Worst,Diversity
4430597.41103896,4685985.128226914,4999435.295997034,54480041.10935956
4430597.41103896,4520491.853097731,4999435.295997034,29497508.759311177
4430597.41103896,4430597.41103896,4430597.41103896,0.0
