Best,Mean,Worst,Diversity
3338.484813785214,3349.8812660521166,3393.693216943587,2480.703410249988
3338.484813785214,3342.8494975518856,3354.159513728695,1153.6228427984252
3338.484813785214,3341.3412682228773,3349.306574435681,786.4291702961482
3338.484813785214,3338.939346381946,3344.8272726486302,156.42263503179038
3338.484813785214,3338.509277251618,3338.7056462417922,7.4246408250060085
3338.484813785214,3338.48931300538,3338.529805986866,1.6197192594681837
3338.484813785214,3338.4848137852155,3338.484813785214,0.0
