Best,Mean,Worst,Diversity
3302927.3938356666,3381726.2459421093,3569138.998938131,20603054.218659732
3302927.3938356666,3325311.09748985,3473292.640639551,7275216.83115229
3301730.6077274266,3308278.7547704196,3392122.3093607733,2041175.825670348
3301730.6077274266,3302546.420093829,3309669.352297815,242988.67717186222
3301730.6077274266,3301910.1256436612,3302927.3938356666,61036.091520240996
3301730.6077274266,3301730.607727425,3301730.6077274266,0.0
