Best,Mean,Worst,Diversity
17807345.500280693,18916443.20877724,22257829.76547435,295988573.49825954
17807345.500280693,18430086.55859672,20366575.7266038,181314242.9873087
17807345.500280693,17971038.791311532,19459493.94996195,58936866.16464043
17807345.500280693,17807406.10275646,17807587.910183776,18180.742731224746
17807345.500280693,17807393.982261304,17807587.910183776,15514.233797311783
17807345.500280693,17807369.741270993,17807587.910183776,8726.756510987878
17807345.500280693,17807345.500280686,17807345.500280693,0.0
