Best,Mean,Worst,Diversity
3122292.918923681,3122724.1890534116,3123108.328699462,77299.23404683638
3122292.918923681,3122604.495947249,3123108.328699462,72107.60143248318
3122292.918923681,3122321.72088593,3122345.286127771,5184.353204875253
3122292.918923681,3122306.010724704,3122345.286127771,3927.5403067236766
3122292.918923681,3122300.774004295,3122345.286127771,2670.7274085721
