Best,Mean,Worst,Diversity
94.3765332640292,100.60318706363364,117.03462486059125,907.9586993446337
94.18282368566717,97.43925184975026,108.20784209985902,562.6870149415354
94.17538967204268,95.34936131822766,99.12609163994243,284.23376484678823
94.16758036167403,94.47351335112475,96.0697492737545,83.9410285563501
94.16758036167403,94.19787926912974,94.50702280585364,10.277054662532777
94.16758036167403,94.1779931218122,94.35217503594964,3.78875903649336
94.16758036167403,94.17705258932975,94.35217503594964,3.566010748469779
94.16758036167403,94.16778277809331,94.16903938293765,0.06834876750792773
94.16758036167403,94.16760861882048,94.16814550460322,0.010737715654613567
