Best,Mean,Worst,Diversity
2869504.636148614,2870903.814455775,2872613.92127564,307819.22757557686
2869504.636148614,2869971.0289176684,2872613.92127564,158573.54147832748
2869504.636148614,2869504.636148615,2869504.636148614,0.0
