Best,Mean,Worst,Diversity
16.07778948516849,17.417145478430204,19.382635638208235,259.80054484418804
16.07778948516849,16.611377765117773,17.79834402784946,121.6488780442563
16.0740957736839,16.32782618374683,17.189735160629347,62.15126526024925
16.0740957736839,16.13804514755952,16.308719568137487,15.272280094715686
16.0740957736839,16.11615586703358,16.28020073277108,11.602701968911397
16.0740957736839,16.07804709754517,16.101111608396433,1.208410779347492
16.0740957736839,16.075561161378207,16.09339628793295,0.5163463382540137
16.0740957736839,16.074161269100593,16.075405682017866,0.02488825834534225
16.0740957736839,16.074095773683897,16.0740957736839,0.0
