Best,Mean,Worst,Diversity
4049481.8484393596,4204042.772759619,4655923.474289393,30255915.129753005
4049481.8484393596,4130434.602485934,4655923.474289393,22062825.69250392
4049481.8484393596,4080635.5344915735,4200773.86282113,9479492.1665287
4049481.8484393596,4061276.3911059224,4167427.2751049856,4246035.359962536
4049481.8484393596,4049481.8484393596,4049481.8484393596,0.0
