Best,Mean,Worst,Diversity
3339.678832753681,3360.5859159046986,3414.4207783182023,5141.01253349587
3337.829005791613,3350.348225064339,3404.937537612079,3020.533736440213
3337.5132144600234,3342.4182490365915,3352.175260424181,972.7371847303507
3337.5132144600234,3341.435488938589,3348.427349268978,749.4185749035069
3337.5132144600234,3340.0748234961707,3346.979780074602,583.9875896624035
3337.5132144600234,3339.052588372428,3342.7547784888743,382.0462630940565
3337.5132144600234,3338.4559366527224,3341.8447347499023,266.81076021564877
