Best,Mean,Worst,Diversity
315571.8696629242,315605.28463991,315825.1010327897,10707.734604754427
315571.8696629242,315588.7834696157,315679.50476355996,5344.218268664496
315571.8696629242,315573.9570759387,315576.04448895314,417.48260289314203
315571.8696629242,315572.91336943134,315576.04448895314,313.1119521698565
315571.8696629242,315572.0784042255,315576.04448895314,79.32169454969699
315571.8696629242,315571.8696629241,315571.8696629242,0.0
