Best,Mean,Worst,Diversity
30725.275892122387,31762.27143059395,32675.861969188576,117533.10131990629
30725.275892122387,31392.819248157037,32367.12547800636,94576.37823632493
30722.509050165692,31156.569559112344,31696.209676957584,74986.10446851501
30711.017993075544,31094.3745832156,31646.661616337115,65738.91278154707
30702.970687849946,30973.8399003281,31514.098220503274,45787.01442774522
30702.970687849946,30877.280043856736,31354.57236647389,28754.147256154556
30702.970687849946,30834.016922476807,30939.259705043656,19560.74328823637
30702.970687849946,30823.806555625382,30913.49570625067,18639.04181564742
30702.970687849946,30793.53519313082,30913.49570625067,19055.534535756182
