Best,Mean,Worst,Diversity
325242.22306572215,325344.9259765227,325611.96562276373,19778.41830551601
325239.84780018934,325304.88943971536,325572.6697412682,14503.813810359687
325239.84780018934,325258.74677403417,325351.5299302014,3888.297573298565
325239.6480634252,325247.43033190886,325261.6882461447,1607.8771300433436
325239.6480634252,325241.17160863115,325246.10508208117,370.8013590608607
325239.6480634252,325240.42856222385,325244.13813533855,209.5998944156454
325239.6480634252,325240.17568416096,325242.22306572215,157.39965796441538
325239.6480634252,325239.7868003781,325242.22306572215,52.32056863215985
325239.6480634252,325239.6480634251,325239.6480634252,0.0
