Best,Mean,Worst,Diversity
17808242.714678973,19058429.161330618,21771312.745309137,269866894.25620323
17808242.714678973,18419484.897133715,20387941.84792838,170111292.21903044
17808242.714678973,18239467.09548766,20051068.57550706,134098297.897673
17808242.714678973,17946767.381157614,19283225.336868364,50019347.20248558
17808242.714678973,17808285.732799508,17808756.420462,15653.572545263916
17808242.714678973,17808242.71467898,17808242.714678973,0.0
