Best,Mean,Worst
86.85921509738077,95.15094792601735,102.30982372679111
85.60004133112609,91.11537965093945,101.16546405935685
85.45172853307997,87.44969297059961,99.61305459390599
85.43168994366795,85.94805373369307,87.5751306389079
85.43168994366795,85.80453951251528,87.5751306389079
85.43168994366795,85.66220259596135,87.5751306389079
85.43168994366795,85.56726821370523,87.2451628292188
85.43168994366795,85.5330761352961,87.24426018825426
85.43168994366795,85.5330761352961,87.24426018825426
