Best,Mean,Worst,Diversity
3353.2763973680203,3354.1972873175423,3354.7408001619942,87.71565695886557
3353.2763973680203,3354.003613563388,3354.7043140532755,78.33948417555803
3353.2763973680203,3353.781864586212,3354.359457910116,76.1191554238303
3353.2329157772274,3353.501967877609,3353.939345212915,46.52362768322428
3353.2329157772274,3353.4011350710216,3353.863061230897,34.45878980410953
3353.2329157772274,3353.2910486914857,3353.5460712413233,14.380022282413393
3353.2329157772274,3353.2605211358486,3353.5460712413233,9.133688896276908
3353.2329157772274,3353.2329157772265,3353.2329157772274,0.0
