Best,Mean,Worst
656.1971075612423,656.1971075612421,656.1971075612423
