Best,Mean,Worst
13.904963251887342,14.837154678204453,16.751184791043936
13.904963251887342,14.212138515403243,15.696671963725747
13.904963251887342,14.076842757003629,15.273664755698745
13.902400143925128,13.949871312570863,14.084288068484994
13.902400143925128,13.937402668822722,14.044315492991384
13.902400143925128,13.925136508061717,14.00771197487158
13.902400143925128,13.914879866511631,13.969374658267668
13.902400143925128,13.906491233928008,13.957991485740122
13.902400143925128,13.905755767435124,13.957991485740122
