Best,Mean,Worst,Diversity
17812529.756277796,18643243.128076077,20643841.959230363,214919996.72760892
17812529.756277796,17981243.45261054,19703842.038087223,61116507.25200576
17812529.756277796,17886641.102258038,19292125.24735869,28144699.055411205
17812529.756277796,17812590.20133087,17813003.932098653,20718.021427303553
17812529.756277796,17812529.756277796,17812529.756277796,0.0
