Best,Mean,Worst,Diversity
329.86367645894234,331.1038616982574,337.00676621006943,375.82778594156605
329.86367645894234,330.3181368480861,336.70265567878045,149.93078693502434
329.86367645894234,329.93500480994214,330.2513023786231,20.5296186444437
329.86367645894234,329.87041498743685,329.906576172638,2.151559970748224
329.86367645894234,329.8665377715407,329.906576172638,1.0586457107934848
