Best,Mean,Worst,Diversity
3323.6380899782403,3339.4435968001626,3355.4094454598367,2804.162588116724
3322.9046520425095,3333.487018793074,3350.7401565082796,2464.1880869707343
3322.8445958742727,3332.1265964248114,3350.691572869496,2294.090209494235
3322.8445958742727,3330.4781027892786,3350.691572869496,2088.876156117781
3322.8445958742727,3328.8943360359854,3350.4459225429196,1795.673849293365
3322.8445958742727,3328.7238221717025,3350.18561054733,1767.4103567872348
3322.8445958742727,3327.262609056857,3350.18561054733,1414.823965095059
