Best,Mean,Worst,Diversity
3361.771242114328,3366.888457566979,3420.5518135042166,1851.432572641977
3361.7227588767278,3363.929910931477,3404.7337527538048,821.847817619479
3361.7227588767278,3361.76880399673,3361.84108204802,6.829209196434931
3361.7227588767278,3361.7596825018454,3361.791144506308,5.087613949382558
3361.7227588767278,3361.7524100162054,3361.791144506308,5.814862513383559
3361.7227588767278,3361.7499858543256,3361.791144506308,5.863345750983626
3361.7227588767278,3361.7499858543256,3361.791144506308,5.863345750983626
