Best,Mean,Worst,Diversity
11761.104292646321,12068.32986010524,12784.056420436795,56028.32322007704
11759.805166966318,11947.249551911193,12480.152659978585,42739.8722428972
11759.171583689706,11822.737887148436,12211.15768426149,20684.150164327686
11758.475806702532,11760.201289443172,11765.02952487575,337.6342136016883
11758.312518498538,11759.482894069253,11763.160246642954,275.8386548227627
11758.182794686956,11758.74118449719,11761.108502231004,113.08750601730753
11758.182794686956,11758.405414251281,11760.648754373127,71.75480729631636
11758.182794686956,11758.211813416954,11758.475806702532,9.877667061105967
11758.182794686956,11758.182794686958,11758.182794686956,0.0
