Best,Mean,Worst
4049481.8484393596,4204042.772759619,4655923.474289393
4049481.8484393596,4124055.995936461,4201952.29598321
4049481.8484393596,4092514.4880634183,4200369.243412351
4049481.8484393596,4079072.846981487,4168473.6938621975
4049481.8484393596,4073123.254710345,4168473.6938621975
4049481.8484393596,4073123.254710345,4168473.6938621975
4049481.8484393596,4073123.254710345,4168473.6938621975
