Best,Mean,Worst
87.95768004817342,91.17966811361188,152.38630303030303
87.95768004817342,87.95806988960581,87.95879388083736
87.95768004817342,87.95773573980662,87.95879388083736
87.95768004817342,87.95768004817342,87.95768004817342
