Best,Mean,Worst,Diversity
17802165.934372354,18278964.460687745,20555520.72646988,143671736.1192675
17801949.109766018,17931787.203971,19349101.417557675,47163331.794611245
17801949.109766018,17802212.195779447,17803056.554484483,43197.706547979265
17801949.109766018,17802087.79783622,17802265.791580893,23720.574044492096
17801949.109766018,17802071.96374548,17802183.936602246,22617.778740398586
17801949.109766018,17802015.057259407,17802183.936602246,18555.309300221503
17801949.109766018,17801970.792226646,17802165.934372354,7805.685828119516
17801949.109766018,17801959.95099633,17802165.934372354,4119.667520396411
17801949.109766018,17801949.109766014,17801949.109766018,0.0
