Best,Mean,Worst,Diversity
584450.4511044851,584455.7477867204,584465.5844823003,1377.1373811875237
584450.4511044851,584452.7211111573,584465.5844823003,771.8022685776232
584450.4511044851,584450.4511044851,584450.4511044851,0.0
