Best,Mean,Worst,Diversity
83.29623227747177,92.75169271019152,106.79668306567059,1443.662914456343
83.29623227747177,86.1121985351232,90.73624534194684,601.62983600655
83.29623227747177,84.473995392695,89.62185765284806,333.35775604134267
83.29184023352563,83.54988121438922,85.86229713277554,73.76754597432605
83.29184023352563,83.46270493762106,85.86229713277554,59.36038647513226
83.28700197109919,83.30347030391476,83.48105464738238,4.517401307644249
83.28700197109919,83.28946880824277,83.29888543689995,0.7399964258767113
83.28700197109919,83.28758858352481,83.29416125770942,0.21376679792356867
83.28700197109919,83.28700197109922,83.28700197109919,0.0
