Best,Mean,Worst,Diversity
13164.113095860746,13474.449279715927,14094.333154101401,65086.40131252028
13157.335004558185,13280.00235459014,13451.711501236503,23200.22369408425
13157.082828922817,13215.199808670004,13409.70103756856,14927.90961588792
13157.082828922817,13164.604251013701,13296.442510190776,2817.835177353809
13157.082828922817,13157.908308408023,13171.82534745641,309.64371076743555
13157.082828922817,13157.095437704582,13157.335004558185,4.791337071976159
13157.082828922817,13157.082828922814,13157.082828922817,0.0
