Best,Mean,Worst,Diversity
3347.593178185817,3362.6219056760337,3447.51336520299,4349.341716784073
3347.593178185817,3358.126629840971,3447.51336520299,3502.6426358725093
3347.593178185817,3355.384315359549,3400.226435124105,2543.1807669214895
3347.593178185817,3348.2732640915833,3352.060655219494,220.8867042255756
3347.593178185817,3347.834297477895,3351.6745881720576,81.99264487052415
3347.593178185817,3347.815773081512,3351.6745881720576,81.99264487052415
3347.593178185817,3347.6024403840083,3347.654926173761,3.149147385134711
3347.593178185817,3347.593178185817,3347.593178185817,0.0
