Best,Mean,Worst,Diversity
11614.477972538993,11968.445718906845,12618.780840965152,71814.73105418442
11614.477972538993,11746.89708292528,12236.754947830026,31759.27320013362
11614.477972538993,11670.197415071789,12003.278190680188,17589.45711994951
11614.477972538993,11634.479943629483,11785.139029396887,6499.8001710423505
11614.477972538993,11624.566463785073,11785.139029396887,3460.5579167261913
11614.477972538993,11615.693925495794,11620.908833278801,232.0035714119258
11614.477972538993,11615.314182679715,11616.539903328929,148.08541310177316
