Best,Mean,Worst,Diversity
331.8662076145879,334.7271038189677,341.7619408186585,670.9051038052678
331.8662076145879,333.5472251335654,338.16934177009284,417.3335044552878
331.77264543720037,332.7195708283402,335.53402591583335,248.4912701326611
331.77264543720037,331.99719040579004,332.73267416619433,63.80664419807118
331.77264543720037,331.84198088478604,332.73267416619433,24.35409366757426
331.77264543720037,331.78362859864774,331.89874648875906,3.986476995203077
331.77264543720037,331.7726454372004,331.77264543720037,0.0
