Best,Mean,Worst,Diversity
624.1700045973955,624.3272420328902,624.4795873129108,30.90934999678734
624.1700045973955,624.2498463540115,624.4795873129108,23.658997656294332
624.1685687217359,624.2008910751642,624.4795873129108,11.172259396081472
624.1685687217359,624.1694302471317,624.1700045973955,0.1378440633197897
624.1685687217359,624.1689994844339,624.1700045973955,0.120613555404816
624.1685687217359,624.168640515519,624.1700045973955,0.027281637532041714
624.1685687217359,624.1685687217359,624.1685687217359,0.0
