Best,Mean,Worst,Diversity
588566.0378371208,602461.8251126444,644635.4699986886,3949321.2846054733
588566.0378371208,593002.964104099,632935.3005069005,1597293.456112071
588566.0378371208,588566.0378371209,588566.0378371208,0.0
588566.0378371208,595221.427237588,632935.3005069005,2262832.3961587683
588566.0378371208,593002.964104099,632935.3005069005,1597293.456112071
588566.0378371208,588566.0378371209,588566.0378371208,0.0
588566.0378371208,597439.890371077,632935.3005069005,2839632.810865906
588566.0378371208,588566.0378371209,588566.0378371208,0.0
