Best,Mean,Worst,Diversity
3751266.567886032,3762860.9510399126,3787306.592609782,12578873.749234652
3751266.567886032,3754870.570358404,3787306.592609782,5189763.5602199435
3751266.567886032,3751266.5678860284,3751266.567886032,0.0
3751266.567886032,3771088.5814840943,3787306.592609782,3567962.447651211
3751266.567886032,3756672.5715945945,3787306.592609782,1838041.26091123
3751266.567886032,3753068.569122219,3787306.592609782,684760.4697512425
3751266.567886032,3751266.567886032,3751266.567886032,0.0
3751266.567886032,3758474.5728307823,3787306.592609782,576640.3955799937
3751266.567886032,3751266.567886032,3751266.567886032,0.0
