Best,Mean,Worst,Diversity
326326.52080933907,326608.03200589377,326933.93465940346,39764.61467663257
326326.52080933907,326495.2108085233,326770.1204377975,29198.85570348386
326321.31877310027,326412.6952216593,326678.6160553888,20975.772807297355
326321.31877310027,326364.85583329824,326502.0502318009,10374.480892797408
326321.31877310027,326341.2066318834,326396.1129252597,4334.039214034448
326321.31877310027,326330.6056314738,326396.1129252597,2382.431352503132
326321.31877310027,326324.1358671031,326337.9681903818,711.1951616620063
326321.31877310027,326323.1344252408,326337.9681903818,584.4274398690904
