Best,Mean,Worst,Diversity
96.85070295647125,103.4707891486228,110.28901948390214,691.5879855569108
95.98641680728554,100.97316587479574,105.69646101593874,667.4617102408552
95.77595966364785,97.70755482876802,102.72807992414283,387.35380990969804
95.77595966364785,96.8013296633219,100.17031467063725,247.0947916395931
95.77595966364785,96.29153621058146,99.7358538292497,141.8495702498821
95.77595966364785,96.14401516994556,99.7358538292497,121.12694088015024
95.77595966364785,95.84257164318844,96.1679721696427,20.062096876727026
95.77595966364785,95.793431784136,95.90934620403637,5.497208080254595
