Best,Mean,Worst,Diversity
16.147669154204337,17.050437250137787,18.982852097245804,185.10409305302508
16.093702976431587,16.562786695797833,17.416907634393784,103.37107359090211
16.067793295089416,16.298212877740866,17.035024309927927,58.525010739457514
16.067793295089416,16.13933073289937,16.91492490221615,20.384862921987622
16.066065745039737,16.08664127515413,16.167932618123007,4.518687353637745
16.065045492259152,16.075091502336754,16.099440963674752,2.2622489587532435
16.065045492259152,16.06799287180226,16.096094403225585,0.900000446955552
16.065045492259152,16.065445385900368,16.067793295089416,0.13326227886050646
16.065045492259152,16.065140789521127,16.066951437498595,0.03621295954941672
