Best,Mean,Worst,Diversity
3338620.0727055864,3357068.284576035,3379616.099084359,4058606.611498496
3338620.0727055864,3350918.8806192195,3379616.099084359,3443666.2158169057
3338620.0727055864,3342719.6753434646,3379616.099084359,1475856.9496358167
3338620.0727055864,3338620.0727055874,3338620.0727055864,0.0
