Best,Mean,Worst,Diversity
17806745.940215793,19238252.572088763,21806068.453629598,291801310.0013073
17806745.940215793,18793823.83206447,20578833.925666705,237955322.8114532
17806745.940215793,18159559.947775897,20305520.618047565,115934692.23736657
17806745.940215793,17884187.642575648,19353230.543648057,29417817.67108013
17806745.940215793,17806786.045720086,17807548.050301738,15240.091632965952
17806745.940215793,17806745.94021579,17806745.940215793,0.0
