Best,Mean,Worst,Diversity
17818279.193245545,18980009.88340389,22193252.7352988,296830700.32338357
17818279.193245545,18497586.93423813,20476305.71457017,188322826.71703756
17818279.193245545,18077463.13662245,19700002.473873094,88587786.51640463
17818279.193245545,17900921.952766035,19471134.383655522,31404248.617789563
17818279.193245545,17818279.193245538,17818279.193245545,0.0
