Best,Mean,Worst,Diversity
3354.664642507637,3365.9720645255984,3419.719133826339,2869.3772227521986
3354.664642507637,3357.552876851741,3366.4409434855506,483.76711366630343
3354.664642507637,3356.179780631687,3357.9877054942185,284.94224824932144
3354.664642507637,3355.6948114289235,3357.9877054942185,236.75610445716666
3354.664642507637,3355.4518535315524,3357.159326878939,200.63717136174
3354.664642507637,3355.148924958658,3357.159326878939,150.0869406279835
3354.664642507637,3354.7173644105264,3354.8687768128466,15.10286835575971
3354.664642507637,3354.6807967438217,3354.8261848694747,5.815525026158866
3354.664642507637,3354.6646425076383,3354.664642507637,0.0
