Best,Mean,Worst,Diversity
317119.2430988776,317151.6074474536,317187.496658306,4063.314035677351
317119.2430988776,317141.2264001548,317187.496658306,3371.320377875527
317114.0439028884,317129.20085589297,317144.3134731749,2738.160351022496
317114.0439028884,317119.9383418448,317139.9609134359,1766.6990024927654
317114.0439028884,317115.77447379765,317131.3496119792,623.0055272681639
317114.0439028884,317114.9091883431,317131.3496119792,328.80847272486426
317114.0439028884,317114.04390288854,317114.0439028884,0.0
