Best,Mean,Worst,Diversity
13504.935525505896,13846.11844874562,14724.85367714697,61118.06682364289
13504.935525505896,13668.02131049089,14086.620915363186,35761.135152873554
13504.287497254338,13579.703158464883,14086.620915363186,19533.27874791955
13504.287497254338,13523.766085333462,13571.250360683629,4820.6212762606265
13504.287497254338,13516.30205927634,13571.250360683629,3564.4321948000725
13504.287497254338,13505.362866467214,13509.534357527884,306.48908911942453
13504.287497254338,13504.557492636446,13507.57244183933,89.99386820491054
