Best,Mean,Worst
326.8249900737905,329.1878539527846,336.4381813001174
326.8249900737905,327.7576416441871,335.4457721027196
326.7171679630378,326.86171521789504,326.97324463289107
326.70821725604003,326.82680483727046,326.9714422582919
326.70821725604003,326.7980947621246,326.96752403843027
326.70821725604003,326.7757266535031,326.9457141192775
326.70821725604003,326.7400127313586,326.8408942649187
326.70821725604003,326.72657204055037,326.8408942649187
326.70821725604003,326.7232125557765,326.81730218367284
