Best,Mean,Worst,Diversity
81.54515458937199,81.57965906738193,81.61127597402597,6.583262751739923
81.54515458937199,81.56457250690133,81.61127597402597,5.421115267581612
81.54515458937199,81.54948594642075,81.5740303030303,1.4726613965737414
81.54515458937199,81.545154589372,81.54515458937199,0.0
