Best,Mean,Worst,Diversity
16.208251686519766,17.21371228610828,19.297278727422004,224.04529066054187
16.114187892634476,16.58803565985118,18.42762810120163,104.14536918257886
16.114187892634476,16.30903566047229,17.17932713835827,45.60314410997751
16.114187892634476,16.194831231979645,16.51064280538641,18.00007014068168
16.111537664697458,16.152612599745787,16.291687352097778,9.196342084290311
16.11130404930102,16.119577030259588,16.147468847908797,1.9253292614035118
16.11130404930102,16.112442557936454,16.116378270243583,0.2540979395720946
16.11130404930102,16.111886285545175,16.114187892634476,0.17597123286189387
16.11130404930102,16.11130404930102,16.11130404930102,0.0
