Best,Mean,Worst,Diversity
13141.428927993395,13465.337399140544,14431.548636096264,55938.92367780843
13141.319630207716,13307.860675335618,13795.34728075677,32539.29762912621
13141.319630207716,13245.496834352254,13795.34728075677,27729.856619587496
13141.319630207716,13201.368076331602,13399.042839841299,16576.08966883379
13141.319630207716,13171.55430691375,13399.042839841299,9992.464414189977
