Best,Mean,Worst,Diversity
304.78136967722264,305.5179228410216,305.992353194337,85.84901578824099
304.77965687084253,305.16339927066883,305.85935499662503,78.17282209265244
304.77965687084253,304.9282831036718,305.2044778133186,36.71204273464423
304.77965687084253,304.8010663154069,305.16379165861304,7.838901810703703
304.77965687084253,304.7803596931125,304.78212559864596,0.20056984267841926
304.77965687084253,304.779903743623,304.78212559864596,0.08887420092355569
304.77965687084253,304.7797803072328,304.78212559864596,0.04690582826520995
