Best,Mean,Worst,Diversity
3342.163971063994,3355.7488830946213,3382.313904534451,2766.351819340408
3342.163971063994,3348.6990336620374,3364.8015226872167,1477.8791487951462
3342.163971063994,3344.750170760365,3360.907866416569,697.5560935494905
3342.073459988533,3342.5393573931274,3344.1791521437667,115.39088420616599
3342.073459988533,3342.210408405053,3343.322084288703,38.13967505691926
3342.073459988533,3342.1161400097176,3342.344247346019,13.103832752527069
3342.073459988533,3342.0904425450235,3342.2466229146075,5.968440802425448
3342.073459988533,3342.0734599885336,3342.073459988533,0.0
