Best,Mean,Worst,Diversity
3357.6766107924072,3358.7368585290487,3363.846869677505,288.03330393864053
3357.6766107924072,3357.9200311489694,3358.1882709486636,49.1026277053038
3357.6766107924072,3357.8087163581176,3358.1736066305803,34.763566260612606
3357.6766107924072,3357.75120638015,3357.964314722306,21.58970004173443
3357.6766107924072,3357.687090791826,3357.886210780798,3.9823997794269417
3357.6766107924072,3357.6766107924063,3357.6766107924072,0.0
