Best,Mean,Worst,Diversity
76.70113127495841,84.82099456371273,99.93217503169592,1385.5441270034007
76.078814859427,78.98269194634442,85.24455218390031,662.4346249416633
76.05906359168155,76.96907437409422,82.47800512860388,202.0681479794346
76.05906359168155,76.23164851995212,77.28055369766568,54.6730707448515
76.05906359168155,76.09823915366897,76.69505295296393,13.919622769471076
76.05906359168155,76.06482757716297,76.09130576051888,1.7488268733860366
76.05906359168155,76.0600511550688,76.078814859427,0.3752740871635183
76.05906359168155,76.05906359168154,76.05906359168155,0.0
