Best,Mean,Worst
329.37862191477404,330.94506947042385,336.55613777440846
329.37862191477404,330.4949305997569,336.55613777440846
329.37862191477404,329.62845280473334,331.1896242326494
329.37862191477404,329.4728758308348,331.1896242326494
329.37862191477404,329.38047381485757,329.4156599164435
329.37862191477404,329.37986934658767,329.40357055104454
329.37862191477404,329.3786219147741,329.37862191477404
