Best,Mean,Worst,Diversity
17813060.1037262,18237139.648176763,20956953.81837488,139889054.49340877
17813060.1037262,17991748.30476562,19628687.275402248,64355637.33988984
17813060.1037262,17903984.32616302,19628687.275402248,34538197.20611216
17813060.1037262,17903950.511843346,19628687.275402248,34530774.5275591
17813060.1037262,17813088.543479685,17813533.957170475,10541.714066710323
17813060.1037262,17813066.73853258,17813117.290849276,2294.699409291148
17813060.1037262,17813066.73853258,17813117.290849276,2294.699409291148
