Best,Mean,Worst,Diversity
537565.1972562999,537587.8791551132,537615.6014758849,4990.017738915514
537565.1972562999,537581.9107657727,537615.6014758849,4456.868548755301
537565.1972562999,537570.9019544737,537615.6014758849,1976.716074354481
537565.1972562999,537565.1972562999,537565.1972562999,0.0
