Best,Mean,Worst,Diversity
84.9080673076923,84.90806730769233,84.9080673076923,0.0
