Best,Mean,Worst,Diversity
3356.26367589592,3366.792484856932,3446.2083787096117,3317.7331981604148
3356.26367589592,3357.4090531851057,3360.239899199534,234.11814302171706
3356.26367589592,3357.0941466446247,3360.192250623667,191.10377297270543
3356.26367589592,3356.4482574629205,3357.0168734793824,53.37647384166303
3356.26367589592,3356.3051824838776,3356.9460779805077,15.477044074692913
3356.26367589592,3356.2977960001494,3356.9460779805077,12.965639607161847
3356.26367589592,3356.2636758959206,3356.26367589592,0.0
