Best,Mean,Worst,Diversity
13.904963251887342,14.837154678204453,16.751184791043936,188.3416837446594
13.903593781299106,14.518726389800516,15.567826387151719,118.59123846351937
13.903593781299106,14.157658895555082,15.100625062688641,70.01307294583125
13.902400143925128,13.956326032581217,14.20257363493414,14.625037915775547
13.902400143925128,13.906702866946631,13.929125520644037,1.0858812356942877
13.902400143925128,13.903747171499058,13.90713551553518,0.2665088438152168
13.902400143925128,13.902998058085677,13.904963251887342,0.14915772374047798
13.902400143925128,13.902726470156182,13.903593781299106,0.09454784280945105
