Best,Mean,Worst
96.85070295647125,103.4707891486228,110.28901948390214
95.8799059330222,99.85216919671888,104.91466530905791
95.80713825325222,97.57624724890186,104.69349892610911
95.77595966364785,96.3054737723589,97.09031147384272
95.77595966364785,96.1686319466276,96.99891242242691
95.77595966364785,96.02674327063642,96.99891242242691
95.77595966364785,95.97800139125071,96.99891242242691
95.77595966364785,95.89888095612282,96.65248234501705
95.77595966364785,95.85783711176114,96.37293023806839
