Best,Mean,Worst,Diversity
76.70113127495841,84.82099456371273,99.93217503169592,1385.5441270034007
76.25049714666487,80.0468400085791,84.73879216141924,731.9234679461864
76.05906359168155,77.021586129345,82.10521801992601,260.74851549557883
76.05906359168155,76.13390755265804,77.13122844352475,26.29371098036424
76.05906359168155,76.06184817414601,76.07779193333457,0.9112748572921845
76.05906359168155,76.05936750778126,76.065141913676,0.11548811789457147
76.05906359168155,76.05906359168154,76.05906359168155,0.0
