Best,Mean,Worst,Diversity
651.8553077562917,679.790759269142,1038.2983183757838,41386.57734464934
651.8553077562917,651.8553077562913,651.8553077562917,0.0
651.8553077562917,670.1247306465151,1017.243765560758,6942.380698284859
651.8553077562917,651.8553077562918,651.8553077562917,0.0
651.8553077562917,651.8553077562918,651.8553077562917,0.0
