Best,Mean,Worst,Diversity
3517841.906467,3540080.893353481,3586460.3300370867,3982896.500407043
3517841.906467,3529608.526421354,3586460.3300370867,1842128.899025388
3517841.906467,3524187.118519499,3529815.2519228263,1012647.7336522713
3517841.906467,3521638.3832933777,3527491.7173257964,892868.1065630103
3517841.906467,3518625.6976701706,3527491.7173257964,283844.97430313285
3517841.906467,3517858.1036044396,3518165.8492158097,6154.91222738428
3517841.906467,3517841.906466999,3517841.906467,0.0
