Best,Mean,Worst
300.2338341402268,300.27079239351457,300.3116773303441
300.2338341402268,300.265997516252,300.2853619233972
300.2338341402268,300.2576659114553,300.27876107689167
300.2338341402268,300.2438239582822,300.27876107689167
300.2338341402268,300.2375982452604,300.27876107689167
300.2338341402268,300.2375982452604,300.27876107689167
300.2338341402268,300.23493956810387,300.24483223084064
