Best,Mean,Worst
530928.0723361046,530928.0723361045,530928.0723361046
