Best,Mean,Worst,Diversity
2953019.5584555855,2953398.4347448894,2953708.424436138,68197.73207469843
2953019.5584555855,2953260.6615487793,2953708.424436138,62686.80423027836
2953019.5584555855,2953019.558455586,2953019.5584555855,0.0
