Best,Mean,Worst
88.78803848179274,94.93181549223577,112.7374210268917
87.79680247676453,91.59509566488896,97.65081449777662
87.69764417852933,90.10249261431957,97.63797232900858
87.69764417852933,88.62036521281661,93.1189678374554
87.69764417852933,88.04762865271387,91.26435032906386
87.69764417852933,87.79044360183968,88.37127568033253
87.69764417852933,87.75546038176077,88.37127568033253
87.69764417852933,87.70269414183363,87.76586075898656
