Best,Mean,Worst,Diversity
527694.6165503163,533781.3439199516,649234.2153291844,2310617.017095339
527694.6165503163,531811.7170761095,609938.1621061489,1563848.298318769
527694.6165503163,527698.2601358794,527712.3391515741,1140.299553965684
527694.6165503163,527696.0943433777,527704.4685040589,502.44964087055996
527694.6165503163,527694.6165503163,527694.6165503163,0.0
