Best,Mean,Worst,Diversity
300.2338341402268,300.27079239351457,300.3116773303441,4.456867561346655
300.2338341402268,300.26211944842913,300.2853619233972,4.055209380649387
300.2338341402268,300.24858650713765,300.2853619233972,3.205340659205092
300.2338341402268,300.24155339609877,300.27876107689167,2.2176546084533015
300.2338341402268,300.23455124022655,300.24483223084064,0.2594460442971922
300.2338341402268,300.23398245927416,300.23512856648426,0.052262271765755486
300.2338341402268,300.23385301664837,300.23421166865995,0.007173040229815797
