Best,Mean,Worst,Diversity
15.891306614347847,16.844865180831597,18.61209904476204,188.01197446902262
15.878574225237005,16.305149912555216,17.39707126104716,103.39957103743018
15.877173844528777,15.989582176415146,16.333035834654137,28.2114552389856
15.873878421359773,15.927334168534756,16.315849120532583,15.327408592792601
15.873878421359773,15.918242347804673,16.315849120532583,14.101403044893079
15.873878421359773,15.906659881860733,16.315849120532583,10.670557236630104
15.873878421359773,15.879539516826934,15.918467964471258,1.4618821235283512
15.873878421359773,15.878626721948567,15.918467964471258,1.4673948945333493
15.873878421359773,15.874750311865355,15.877173844528777,0.21909496988485344
