Best,Mean,Worst,Diversity
3347.593178185817,3362.6219056760337,3447.51336520299,4349.341716784073
3347.593178185817,3354.7963756112563,3423.428709291691,2469.3363945799274
3347.593178185817,3353.26870744705,3397.589814993021,1940.9070210716272
3347.593178185817,3349.0202184904956,3369.0077074258243,523.5769069389376
3347.593178185817,3347.946404629098,3354.2254711358405,130.76816112211827
3347.593178185817,3347.608615182803,3347.654926173761,4.63109909578634
3347.593178185817,3347.608615182803,3347.654926173761,4.63109909578634
