Best,Mean,Worst,Diversity
619.1502609391877,619.2466865378153,619.4234337737762,15.371831307250204
619.1502609391877,619.216778035933,619.3804469624909,10.444382053944764
619.1502609391877,619.1770444239912,619.2568140113557,7.706673218859578
619.1502609391877,619.1730123795946,619.2568140113557,6.980905227457583
619.1502609391877,619.1689803351981,619.2568140113557,6.093855460188479
619.1502609391877,619.1555885927962,619.2568140113557,2.0245083711924963
619.1502609391877,619.1555885927962,619.2568140113557,2.0245083711924963
