Best,Mean,Worst,Diversity
13141.428927993395,13465.337399140544,14431.548636096264,55938.92367780843
13141.319630207716,13323.570344938107,13588.585121093427,30040.690118370178
13141.289142407937,13209.267785497063,13386.772295793155,14781.561712490398
13141.289142407937,13154.30435426978,13254.671068645323,4563.309428694614
13141.289142407937,13153.986881587296,13254.671068645323,4461.146453727846
13141.289142407937,13151.130544715179,13254.671068645323,3572.657710138059
13141.289142407937,13141.289142407939,13141.289142407937,0.0
