Best,Mean,Worst,Diversity
651.8553077562917,689.4468811774898,1038.2983183757838,13554.02098444628
651.8553077562917,651.8553077562918,651.8553077562917,0.0
651.8553077562917,688.4807970973329,1018.976636772647,13186.909033986674
651.8553077562917,651.8553077562918,651.8553077562917,0.0
651.8553077562917,651.8553077562918,651.8553077562917,0.0
