Best,Mean,Worst
87.95768004817342,91.17966811361188,152.38630303030303
87.95768004817342,87.95806988960581,87.95879388083736
87.95768004817342,87.9579585063394,87.95879388083736
87.95768004817342,87.95790281470622,87.95879388083736
87.95768004817342,87.95784712307302,87.95879388083736
87.95768004817342,87.95784712307302,87.95879388083736
87.95768004817342,87.95784712307302,87.95879388083736
