Best,Mean,Worst,Diversity
317954.2091451402,318547.51739003294,320842.7500679258,184463.22639694536
317954.2091451402,317969.50613347517,317994.64212977426,2140.1731739937095
317954.2091451402,317959.88972877746,317990.02879365213,1645.0375669947243
317954.2091451402,317957.24901988247,317967.9632607909,924.5251891126973
317954.2091451402,317954.7780637009,317965.5875163546,216.18905307317618
317954.2091451402,317954.20914514014,317954.2091451402,0.0
