Best,Mean,Worst,Diversity
324603.5493877753,325578.4389392887,327427.8933072164,247387.3950380481
324603.5493877753,324872.553747626,326370.29211696784,90499.97386007052
324603.5493877753,324605.63951791346,324608.73739266605,498.9441604259773
324603.5493877753,324603.85357256554,324608.73739266605,112.00745663698763
324603.5493877753,324603.594172321,324603.84795141337,15.226745541149285
324603.5493877753,324603.56431595725,324603.84795141337,5.672709123173263
324603.5493877753,324603.5493877753,324603.5493877753,0.0
