Best,Mean,Worst,Diversity
78.09649057910394,86.97331240789778,99.16913615696689,1184.6033967848189
76.98687567758252,82.5101241379826,85.68956121746803,494.91747005058994
76.86160084638442,78.65791274429432,84.15887694609302,467.17311791933884
76.86160084638442,77.95001663587996,82.71066280288848,323.61711343762545
76.86160084638442,77.03267046525123,78.09649057910394,53.774367615224904
76.86160084638442,76.88080070261987,77.03361394506743,6.79203546273942
76.86160084638442,76.86160084638439,76.86160084638442,0.0
