Best,Mean,Worst,Diversity
86.63299675324674,86.64151639610387,86.65192929292931,1.874321428574092
86.63299675324674,86.63772988816737,86.65192929292931,1.4199404761924939
86.63299675324674,86.63583663419912,86.65192929292931,0.9655595238108958
86.63299675324674,86.63299675324674,86.63299675324674,0.0
