Best,Mean,Worst,Diversity
3344.251392846103,3344.33602413637,3344.3921850580286,13.074960135801575
3344.251392846103,3344.313262374264,3344.3921850580286,12.560246205486692
3344.251392846103,3344.285103931879,3344.3921850580286,8.943318366405947
3344.251392846103,3344.2656280304063,3344.3921850580286,4.689812664529654
3344.251392846103,3344.251392846104,3344.251392846103,0.0
