Best,Mean,Worst,Diversity
17817096.22626089,19503812.992964886,22711627.243292417,350040013.6412907
17817096.22626089,18753103.628688075,22246857.373934276,271014524.09617126
17817096.22626089,18281435.90831234,20450128.728719365,151805570.3827868
17817096.22626089,18227636.83785665,20450128.728719365,135850062.6978963
17817096.22626089,18066945.29705031,20367544.388065338,90049580.39200965
17817096.22626089,17944618.634351116,20367544.388065338,48458515.07428454
17817096.22626089,17944618.634351116,20367544.388065338,48458515.07428454
