Best,Mean,Worst
87.95768004817342,91.17966811361188,152.38630303030303
87.95768004817342,91.15756035528224,151.94748936170214
87.95768004817342,87.9580141979726,87.95879388083736
87.95768004817342,87.9579028147062,87.95879388083736
87.95768004817342,87.9579028147062,87.95879388083736
87.95768004817342,87.9579028147062,87.95879388083736
87.95768004817342,87.957847123073,87.95879388083736
