Best,Mean,Worst,Diversity
43002.948737394065,43675.3019674059,45860.20164373962,182335.7592038529
42918.721554626674,43194.9751788879,45359.418243039225,71333.46604929655
42917.24674972473,43036.73791842423,43292.59938354376,25699.894260262052
42917.24674972473,42966.80758701345,43066.22311205766,9587.773524784985
42917.24674972473,42932.10122391842,43028.9707277861,4295.858771386338
42917.24674972473,42922.61427376734,42986.799539569256,1844.1654433250005
42917.24674972473,42918.275384157125,42930.79386784328,375.37271838438755
42917.24674972473,42917.960536252416,42930.79386784328,269.78165565287054
