Best,Mean,Worst,Diversity
17801949.109766018,18735355.70175057,22059538.568633232,242512284.2465739
17801949.109766018,18258887.83207198,19518957.154610433,130064606.78383811
17801949.109766018,17877881.05653142,19316964.095433973,28800111.480717078
17801949.109766018,17877843.495378017,19316964.095433973,28800188.427448157
17801949.109766018,17877809.171464078,19316964.095433973,28802936.73410624
17801949.109766018,17802014.157147918,17802165.934372354,18213.26693227887
17801949.109766018,17801970.79222665,17802165.934372354,7805.685828119516
17801949.109766018,17801949.109766014,17801949.109766018,0.0
