Best,Mean,Worst,Diversity
3626358.24866196,3752000.503966324,3834214.010044812,19403238.66392965
3626358.24866196,3665159.367230773,3830824.7066941364,11031687.042277442
3626358.24866196,3641653.642633289,3687539.8245472787,4588618.191398898
3626358.24866196,3629417.3274562256,3687539.8245472787,1162449.941821055
3626358.24866196,3626358.24866196,3626358.24866196,0.0
