Best,Mean,Worst,Diversity
3344.251392846103,3344.33602413637,3344.3921850580286,13.074960135801575
3344.251392846103,3344.288545755622,3344.3921850580286,10.269926961952933
3344.251392846103,3344.2638291369803,3344.3921850580286,4.294056110647944
3344.251392846103,3344.253191739531,3344.2873707146377,0.6835795021593185
3344.251392846103,3344.251392846104,3344.251392846103,0.0
