Best,Mean,Worst,Diversity
17807345.500280693,18916443.20877724,22257829.76547435,295988573.49825954
17807345.500280693,18441120.7906763,20366575.7266038,185045415.76870418
17807345.500280693,17969118.179972313,19428115.244078346,58235645.49172464
17807345.500280693,17807380.847887088,17807810.042505633,12947.270626269281
17807345.500280693,17807368.727391932,17807810.042505633,8826.302273858339
17807345.500280693,17807345.500280686,17807345.500280693,0.0
