Best,Mean,Worst,Diversity
17813246.342001736,18652242.841660775,22034480.84205424,231866928.76723647
17813246.342001736,18116014.131861012,19801420.63667239,99305881.32495835
17813246.342001736,17982345.562887616,19801420.63667239,61470083.690540805
17813246.342001736,17813246.342001736,17813246.342001736,0.0
