Best,Mean,Worst,Diversity
588566.0378371208,602461.8251126444,644635.4699986886,3949321.2846054733
588566.0378371208,593002.964104099,632935.3005069005,1597293.456112071
588566.0378371208,588566.0378371209,588566.0378371208,0.0
