Best,Mean,Worst,Diversity
624.1700045973955,624.3272420328902,624.4795873129108,30.90934999678734
624.1685687217359,624.2033371529012,624.4795873129108,11.906082717164281
624.1685687217359,624.1744659901717,624.2189261521344,1.8817895260035584
624.1685687217359,624.1692866595657,624.1700045973955,0.14358756595811428
624.1685687217359,624.1689276906509,624.1700045973955,0.10769067446858571
