Best,Mean,Worst,Diversity
3356.1614038691005,3357.315912174282,3358.5280910277497,191.77540366482435
3356.1614038691005,3356.6250696263596,3357.5966263569803,106.45913772903032
3356.1307707449596,3356.43076922604,3357.555214024652,66.79785162403641
3356.1307707449596,3356.2179269482212,3356.81212401579,20.74320277114475
3356.1307707449596,3356.179978264324,3356.240674893649,9.201387262103708
3356.1307707449596,3356.164226649137,3356.240674893649,6.32577457289608
3356.1307707449596,3356.133834057374,3356.1614038691005,1.1027924690715736
3356.1307707449596,3356.1307707449596,3356.1307707449596,0.0
