Best,Mean,Worst,Diversity
601.9597273369909,602.3993738153164,602.6924714675336,70.34343653209362
601.9597273369909,602.1795505761536,602.6924714675336,61.55050696558192
601.9597273369909,602.1460288326102,602.6924714675336,55.51659312776269
601.9597273369909,601.9994800065017,602.6924714675336,14.981395894765456
601.9597273369909,601.9597273369909,601.9597273369909,0.0
