Best,Mean,Worst,Diversity
17817096.22626089,18656736.698828943,22032398.73984962,233066644.78279597
17817096.22626089,18238375.428808805,19551242.29339448,121878005.23052025
17817096.22626089,17938145.337952744,19026597.527785085,43570808.15164304
17817096.22626089,17817171.980186917,17818610.492677014,28784.05557588488
17817096.22626089,17817096.28716872,17817096.63231306,20.708660781383514
17817096.22626089,17817096.226260893,17817096.22626089,0.0
