Best,Mean,Worst,Diversity
17806420.16011086,18645431.21215347,22003382.362495605,232016333.5408382
17806420.16011086,18487773.545634314,22003382.362495605,200383517.47731373
17806420.16011086,18208167.53070698,20462069.42364306,126814997.41192678
17806420.16011086,18087732.62569299,20462069.42364306,97930147.24296209
17806420.16011086,18013361.731189452,20459647.501147248,75650788.05590272
17806420.16011086,17939182.182800166,20459647.501147248,50436839.50390573
17806420.16011086,17939164.56902208,20459647.501147248,50433911.94431263
