Best,Mean,Worst,Diversity
17806420.16011086,18340550.8505055,20837080.33254432,160637747.0808756
17806420.16011086,18011438.574900664,19550879.407061033,70765693.31871028
17806420.16011086,17865439.751376696,18980479.96904768,22350841.227329828
17806420.16011086,17806704.65412148,17807067.008299533,50574.6092820093
17806420.16011086,17806543.99487661,17807067.008299533,34747.61511338875
17806420.16011086,17806467.231061853,17806772.43567259,16181.94775583595
17806420.16011086,17806433.32827852,17806683.52346414,5003.9037122912705
