Best,Mean,Worst,Diversity
3354.6874736737195,3373.782080688071,3413.440985083672,3509.4158695993647
3352.491583350071,3361.5251523322477,3374.4285876315757,1349.367032492653
3352.491583350071,3359.0555999628036,3368.923214060287,1032.6213212574944
3352.491583350071,3356.7896852392128,3363.9531449529836,814.5211554263838
3352.491583350071,3355.8346574136644,3362.1075703385172,704.2861643913452
3352.491583350071,3355.5807323201066,3362.1075703385172,707.0693543613138
3352.491583350071,3355.3367731514336,3362.1075703385172,676.2084249344089
