Best,Mean,Worst,Diversity
596006.0187265385,596020.0055166404,596037.1004823204,3077.0938224076526
596006.0187265385,596013.789165484,596037.1004823204,2331.131683642161
596006.0187265385,596006.0187265386,596006.0187265385,0.0
