Best,Mean,Worst,Diversity
3281208.210692487,3281208.210692487,3281208.210692487,0.0
3281208.210692487,3281208.210692487,3281208.210692487,0.0
3281208.210692487,3281208.210692487,3281208.210692487,0.0
