Best,Mean,Worst,Diversity
3356.6371728080007,3376.7301635820163,3489.533063107733,5766.575463274188
3356.6371728080007,3370.2219470727323,3441.8035821905155,3989.7108318778696
3356.6371728080007,3359.2456504133943,3366.4961334490654,516.7688401555283
3356.6371728080007,3357.997614019457,3360.694875653622,278.47321360574506
3356.6371728080007,3357.0607555697397,3358.073297534371,103.46875170838939
3356.6371728080007,3356.8245963135146,3358.073297534371,63.268787376290675
3356.6371728080007,3356.692290807439,3357.7395327967924,20.944839787042383
