Best,Mean,Worst,Diversity
317061.28464934323,318183.6225275037,320492.64638653304,285834.8551408663
317061.28464934323,317541.5704989345,320104.92192556465,159896.53672871296
317061.28464934323,317065.36729912786,317115.23429904616,1381.6399273844436
317061.28464934323,317061.55674291315,317061.73813862656,43.534971199929714
317061.28464934323,317061.4433705924,317061.73813862656,41.26752478326671
317061.28464934323,317061.32999827154,317061.73813862656,16.325614199973643
317061.28464934323,317061.3073238074,317061.73813862656,8.616296383319423
317061.28464934323,317061.28464934323,317061.28464934323,0.0
