Best,Mean,Worst,Diversity
323166.53911092423,324091.7726209542,325298.04567420646,155465.52245766472
323166.53911092423,323945.31253812026,325298.04567420646,119917.27871940646
323166.53911092423,323735.06218426133,324411.34085904725,89208.06909345585
323166.53911092423,323432.0108514199,324369.88731127296,72178.14546153502
323166.53911092423,323294.09439242294,324369.88731127296,43817.8614247418
323166.53911092423,323170.0736048931,323200.2181328065,1135.7729283335502
323166.53911092423,323168.4458669422,323200.2181328065,715.655089886568
323166.53911092423,323166.761915848,323170.9952094021,84.66587107972009
323166.53911092423,323166.5391109242,323166.53911092423,0.0
