Best,Mean,Worst,Diversity
17806745.940215793,19238252.572088763,21806068.453629598,291801310.0013073
17806745.940215793,18644902.626733027,21806068.453629598,236708896.40481544
17806745.940215793,18335531.493458223,20305520.618047565,163986725.7203168
17806745.940215793,18160930.12658488,20305081.557053905,116360893.66670641
17806745.940215793,17957936.078140028,19331748.81876876,54449631.57548736
17806745.940215793,17957759.893723898,19331748.81876876,54394749.94986446
17806745.940215793,17881528.380386077,19302022.131825093,28416582.041117817
