Best,Mean,Worst,Diversity
4430597.41103896,4685985.128226914,4999435.295997034,54480041.10935956
4430597.41103896,4549099.609664245,4999435.295997034,36688180.80084902
4430597.41103896,4430597.41103896,4430597.41103896,0.0
