Best,Mean,Worst,Diversity
87.95768004817342,91.17966811361188,152.38630303030303,1224.232943273585
87.95768004817342,87.9580141979726,87.95879388083736,0.09356194377153315
87.95768004817342,87.95784712307301,87.95879388083736,0.056805465861287985
87.95768004817342,87.95768004817342,87.95768004817342,0.0
