Best,Mean,Worst,Diversity
318000.18260544224,318467.60148259526,319622.33154383965,114815.82030283281
318000.18260544224,318138.4590282209,319201.60422038665,41789.651243035856
318000.18260544224,318033.7734883348,318304.60459200974,11371.383071584103
318000.18260544224,318001.35995385476,318012.4788605815,397.0821541947662
318000.18260544224,318000.1826054423,318000.18260544224,0.0
