Best,Mean,Worst,Diversity
634.5781067625005,634.7994776097049,634.8705515307399,20.22666125377782
634.5781067625005,634.6992194353859,634.8705515307399,27.48378586053809
634.5781067625005,634.6532552255854,634.8286016394495,21.041569663716473
634.5781067625005,634.5781067625006,634.5781067625005,0.0
