Best,Mean,Worst,Diversity
30725.275892122387,31762.27143059395,32675.861969188576,117533.10131990629
30725.275892122387,31252.63398495556,31788.64822965784,76967.6574763355
30702.970687849946,30938.905350555753,31294.716644547814,34654.04918867975
30702.970687849946,30859.37604411794,31240.43680960575,31087.9965040162
30702.970687849946,30777.36339577586,31030.819402018566,18002.5396176585
30702.970687849946,30742.45829939146,30864.317821006065,8825.99820518009
30702.970687849946,30710.61988367798,30726.228202312832,1418.1243314069397
30702.970687849946,30707.089536469073,30726.228202312832,1127.5104611233146
