Best,Mean,Worst
299.80951648358507,299.86620492962834,299.9994945633742
299.80951648358507,299.83770821765995,299.966531442175
299.80951648358507,299.82004277783363,299.84909320507626
299.80951648358507,299.8168946882869,299.832753913273
299.80951648358507,299.8134016918459,299.8250573166288
299.80951648358507,299.8110705668894,299.8250573166288
299.80951648358507,299.809516483585,299.80951648358507
