Best,Mean,Worst,Diversity
3354.6874736737195,3373.782080688071,3413.440985083672,3509.4158695993647
3354.6874736737195,3368.7391674222868,3405.9891148802503,2832.371109234312
3352.491583350071,3365.4790678945624,3405.9891148802503,2460.4138879244074
3352.491583350071,3363.2223189719093,3405.9891148802503,2325.6149834156245
3352.491583350071,3361.5215846683423,3405.9891148802503,2362.614723110943
3352.491583350071,3360.485650883135,3405.9891148802503,2360.6702752424467
3352.491583350071,3360.36358575896,3405.9891148802503,2355.573922180772
3352.491583350071,3360.226863649686,3405.9891148802503,2332.7059478797023
