Best,Mean,Worst,Diversity
17806683.52346414,18566960.656856697,20947950.481750146,189117730.25619268
17806420.16011086,18194023.490833893,20947950.481750146,129934629.19831666
17806420.16011086,17894482.982510496,19560731.210994918,33356524.733807847
17806420.16011086,17806645.598899417,17806902.71038248,38776.49302616343
17806420.16011086,17806512.337284505,17806683.52346414,23966.0651483424
17806420.16011086,17806486.000949174,17806683.52346414,19752.251495886594
17806420.16011086,17806459.66461385,17806683.52346414,13431.531017202884
