Best,Mean,Worst,Diversity
3349.2164385314018,3355.770019494094,3384.321295416437,1621.7850510262883
3349.2164385314018,3352.4537632133115,3374.2026164394956,949.6795793142619
3349.2164385314018,3349.9988376246974,3355.549886394916,261.3779961555347
3349.2164385314018,3349.7021832598707,3353.9398011206404,167.21270264606983
3349.2164385314018,3349.4504507022766,3353.3493972480674,85.56334931712308
3349.2164385314018,3349.260377374435,3349.8186671906633,15.839211029589933
3349.2164385314018,3349.2251917261347,3349.3915024260577,3.3262139984635724
