Best,Mean,Worst,Diversity
79.8693986206506,86.58442852212615,99.52321569808329,985.394193681512
78.19373038044678,82.3910012612013,90.89967934665151,728.5183211974947
78.19373038044678,80.60374134117025,85.37870310451677,520.9877670331168
78.19373038044678,79.47602596410822,84.73399840030915,326.3315802889928
78.19373038044678,78.73322520497987,84.73399840030915,182.50333558825275
78.19373038044678,78.29624014431147,79.05370833378271,35.329158962835166
78.19373038044678,78.25256750497135,78.78210162569229,21.18136482883841
78.19373038044678,78.1937303804468,78.19373038044678,0.0
