Best,Mean,Worst,Diversity
3341.2783018413184,3346.2260489605155,3357.104241390073,952.296476897689
3341.2783018413184,3343.682780103786,3351.213647508356,579.3768363989288
3341.2783018413184,3343.3135317416154,3351.213647508356,530.7391326413112
3341.2783018413184,3342.804236321078,3351.213647508356,420.38419376859383
3341.2783018413184,3341.6628964528873,3342.0881469922397,44.44751146463477
3341.2783018413184,3341.6331699712014,3341.998633985385,36.482306776343194
3341.2783018413184,3341.6309126632113,3341.998633985385,35.714822059790094
