Best,Mean,Worst,Diversity
17806745.940215793,19238252.572088763,21806068.453629598,291801310.0013073
17806745.940215793,18814443.54096931,20305520.618047565,223154093.90784353
17806745.940215793,18104448.220012106,20305520.618047565,103111085.56875798
17806745.940215793,17898806.068600684,19645770.721897986,34971968.76512887
17806745.940215793,17806778.047024164,17807067.008299533,11558.45101466775
17806745.940215793,17806761.993619975,17807067.008299533,6100.2935910746455
17806745.940215793,17806745.94021579,17806745.940215793,0.0
