Best,Mean,Worst,Diversity
17817096.22626089,19503812.992964886,22711627.243292417,350040013.6412907
17817096.22626089,18718838.00291724,20427174.084017776,217423626.18993157
17817096.22626089,18300966.223112494,20374151.06839133,151051627.20938998
17817096.22626089,17970514.080606904,19363707.649919063,55255293.32496002
17817096.22626089,17817096.226260893,17817096.22626089,0.0
