Best,Mean,Worst
308.60966737028843,308.81368543767655,308.94808169878416
308.60966737028843,308.69684212752986,308.94808169878416
308.60966737028843,308.6275056544406,308.94808169878416
308.60966737028843,308.6097883889982,308.61087755738515
308.60966737028843,308.6097883889982,308.61087755738515
308.60966737028843,308.6097883889982,308.61087755738515
308.60966737028843,308.6097883889982,308.61087755738515
