Best,Mean,Worst,Diversity
317782.7843593495,317814.5762417282,317984.8601326806,10097.949466782855
317782.7843593495,317789.5875574062,317839.0026128353,2356.505454732629
317782.7843593495,317783.0352241966,317787.8016562904,95.32864187716041
317781.4667908196,317782.7184809231,317782.7843593495,25.033802068501245
317780.4345032475,317782.2199816069,317782.7843593495,157.06108881853288
317780.4345032475,317781.15383760695,317782.7843593495,147.80387547332793
317780.4345032475,317780.640960762,317781.4667908196,66.06640461459756
317780.4345032475,317780.5893463834,317781.4667908196,52.64666617725743
317780.4345032475,317780.4345032476,317780.4345032475,0.0
