Best,Mean,Worst,Diversity
3567055.855116077,3567603.577451214,3568151.299786352,109544.46702753194
3566609.6242742287,3567252.6325080395,3568151.299786352,78586.84489273373
3565526.917817356,3566727.75611424,3567055.855116077,102760.52637845371
3565526.917817356,3566170.3165175943,3567055.855116077,147794.945838565
3565526.917817356,3565909.1521420353,3567055.855116077,114670.29740405269
3565526.917817356,3565679.811547227,3567055.855116077,55041.74275394529
3565526.917817356,3565526.917817355,3565526.917817356,0.0
