Best,Mean,Worst
617.7296041729492,617.9793428621531,618.1458353216226
617.7296041729492,617.7920388452504,618.1458353216226
617.7296041729492,617.7296041729494,617.7296041729492
