Best,Mean,Worst
322.7978573726856,337.79121042799864,350.9318948813832
317.71541691960965,331.48090614848155,347.38747442481105
312.7350585522985,322.0014627249135,342.68757059450525
310.8269901539493,317.5945456411428,334.5498235793383
310.8269901539493,316.83640247790146,329.59225176764664
310.8269901539493,315.86135140802253,328.6462461006348
310.8269901539493,313.77454892616373,320.4226890182915
310.8269901539493,313.26935762122855,320.4226890182915
