Best,Mean,Worst,Diversity
18803.79078332371,20070.55153319387,21390.592150082564,243424.84737433144
18803.79078332371,19332.40472336478,21330.97357505151,162748.8496672905
18803.79078332371,18931.098190129323,20939.43007353476,46079.22952265328
18803.79078332371,18808.47609051454,18823.992896217664,1148.1924436123263
18803.79078332371,18804.85603003299,18810.013152349813,296.4767368998655
18803.79078332371,18804.043482462665,18806.808965316275,87.32494424134347
18803.79078332371,18803.794681596493,18803.86874877957,1.4813436612894293
