Best,Mean,Worst
14.22945603782144,15.226035005174058,17.118517479118253
14.207992903561426,14.526094741745439,15.422868597046882
14.189968025725234,14.336130016496094,15.422868597046882
14.189530900584796,14.310323193354625,15.323957183525955
14.189530900584796,14.227878494590158,14.706557235345791
14.189530900584796,14.224837628706606,14.706557235345791
14.189530900584796,14.223001874263417,14.706557235345791
14.189530900584796,14.22201017558471,14.706557235345791
14.189530900584796,14.220544183067776,14.706557235345791
