Best,Mean,Worst,Diversity
298.0193463568461,298.6218728419468,299.3634169744237,132.8297513718009
298.0193463568461,298.2206655354799,299.3634169744237,68.28804185829028
298.0193463568461,298.0855064871251,299.3333274211418,25.103963340859536
298.0193463568461,298.01950004920076,298.0224202039403,0.05840309479060579
298.0193463568461,298.01934635684603,298.0193463568461,0.0
