Best,Mean,Worst,Diversity
3339.678832753681,3360.5859159046986,3414.4207783182023,5141.01253349587
3337.7981514147064,3348.3540730031214,3411.295397607124,2391.8275099145008
3337.5132144600234,3342.403824069507,3349.1841145831004,897.364004302995
3337.5132144600234,3341.386336644186,3348.5225064170013,832.1785540604837
3337.5132144600234,3339.0300590818647,3348.1248308263575,426.5413797540459
3337.5132144600234,3337.9079883967656,3340.8792652470975,112.36883839952452
3337.5132144600234,3337.56271191614,3338.0138853937306,16.741271181402226
3337.5132144600234,3337.522277481736,3337.603844677159,3.2626878168830444
