Best,Mean,Worst,Diversity
327.20415914671054,329.84960305996094,336.87872111087376,615.4273900742953
327.20415914671054,328.5571152752365,332.60159230285745,405.05019138843755
327.20415914671054,327.20971722886435,327.22268608722317,1.5562630030608489
327.20415914671054,327.2060118407618,327.22268608722317,0.6669698584546495
327.20415914671054,327.2050854937362,327.22268608722317,0.3520118697399539
327.20415914671054,327.20415914671054,327.20415914671054,0.0
