Best,Mean,Worst
85.67422761942996,85.73290831035348,85.84183333333334
85.67074358974358,85.70741905029932,85.84183333333334
85.67074358974358,85.67395398069058,85.67460144057623
85.67074358974358,85.67376108814895,85.67460144057623
85.67074358974358,85.67358688666462,85.67460144057623
85.67074358974358,85.67306428221166,85.67460144057623
85.67074358974358,85.67269718818571,85.67460144057623
