Best,Mean,Worst,Diversity
3349.2164385314018,3355.770019494094,3384.321295416437,1621.7850510262883
3349.2164385314018,3352.0083934337317,3357.667054361729,671.6660811206998
3349.2164385314018,3351.0847108892726,3355.8619962521566,519.0945701462902
3349.2164385314018,3350.310492568602,3355.8619962521566,351.6569646802873
3349.2164385314018,3349.61761516013,3354.596205437844,139.2015766624977
3349.2164385314018,3349.3955510436704,3351.824239311337,63.84714951753858
3349.2164385314018,3349.232512464042,3349.3349485707017,5.093251335637888
3349.2164385314018,3349.2164385314018,3349.2164385314018,0.0
