Best,Mean,Worst,Diversity
299.85094716261915,300.8043533353378,301.4611712137847,146.19173266094958
299.85094716261915,300.5044257493018,301.4611712137847,137.54037177859533
299.85094716261915,300.10206216748804,301.4611712137847,66.92729376300605
299.85094716261915,299.8760426833999,300.0144020149368,8.428564337480623
299.85094716261915,299.85960098267924,300.0144020149368,3.2307223295183007
299.85094716261915,299.8512358090857,299.8528714723958,0.09813979860939526
299.85094716261915,299.85094716261926,299.85094716261915,0.0
