Best,Mean,Worst,Diversity
28697.574242959632,29864.313235956848,30809.371062194947,136254.45396298435
28697.574242959632,29450.132421294787,30757.612167945066,75858.01668403999
28695.86582903954,29060.773916587896,30452.91918838069,87908.5339771162
28695.86582903954,28831.998246432788,29958.238208142346,45536.32506301228
28695.219057745886,28735.764236700954,29230.905697857568,14189.463729106927
28695.219057745886,28701.68650493022,28801.08251697141,2312.505742798574
28695.219057745886,28695.451469198673,28695.86582903954,51.258383491876884
28695.219057745886,28695.23824777823,28695.283024520366,5.373209056313499
28695.219057745886,28695.21905774589,28695.219057745886,0.0
