Best,Mean,Worst
527694.6165503163,533781.3439199516,649234.2153291844
527694.6165503163,527699.539798318,527712.3391515741
527694.6165503163,527697.274940505,527712.3391515741
527694.6165503163,527694.6165503163,527694.6165503163
