Best,Mean,Worst,Diversity
11760.45814676125,12184.751048673663,12868.820821389803,80606.74554483016
11760.45814676125,11884.828687824023,12364.901770185135,32967.84912159055
11760.45814676125,11811.771232153525,12217.135960038786,16371.536882474153
11760.45814676125,11764.764469883292,11769.30395688431,700.2463070686517
11760.45814676125,11763.0748302478,11769.30395688431,575.2439514568632
11760.383984888462,11762.053740509198,11769.30395688431,434.9615502377965
11760.383984888462,11760.446378106206,11760.964392388194,17.03485419073695
11760.383984888462,11760.42412954437,11760.964392388194,14.365026770370605
11760.383984888462,11760.383984888465,11760.383984888462,0.0
