Best,Mean,Worst
304.61047347542114,305.60481454908506,307.861929646637
304.61047347542114,304.95575194193657,307.861929646637
304.61047347542114,304.6300404418767,304.6501529812316
304.61047347542114,304.61756393718224,304.63883532246575
304.61047347542114,304.61330966012554,304.63883532246575
304.61047347542114,304.61189156777334,304.63883532246575
304.61047347542114,304.6104734754211,304.61047347542114
