Best,Mean,Worst,Diversity
3349.2164385314018,3355.770019494094,3384.321295416437,1621.7850510262883
3349.2164385314018,3353.4216699049916,3371.156022605085,1015.7435010532531
3349.2164385314018,3350.946743293271,3355.4917629506845,467.4989927780425
3349.2164385314018,3350.8750272644247,3355.4917629506845,446.72786014520216
3349.2164385314018,3350.173333554204,3355.4917629506845,312.28719932299236
3349.2164385314018,3350.077008714875,3355.4917629506845,292.66760009065865
3349.2164385314018,3350.063483787054,3355.4917629506845,290.2214304373506
