Best,Mean,Worst,Diversity
3333.4908553865707,3347.9102812377578,3408.715062988098,3148.6307411766315
3333.4908553865707,3338.885430985112,3360.1056746625545,1517.1672776253226
3333.4908553865707,3334.1372057624685,3338.242915116466,215.28089770925453
3333.4908553865707,3333.7660761824286,3338.065639763973,100.52159951703243
3333.4908553865707,3333.4994498053215,3333.5767995740916,3.0939907507527096
3333.4908553865707,3333.4908553865694,3333.4908553865707,0.0
