Best,Mean,Worst,Diversity
11760.45814676125,12184.751048673663,12868.820821389803,80606.74554483016
11760.45814676125,11905.885623672108,12225.275883710487,32291.86071445107
11760.45814676125,11783.275836426388,11916.16319157412,6232.55182161439
11760.45814676125,11765.285552254547,11783.62918397788,860.5642826793719
11760.383984888462,11763.323831361653,11766.903548552567,511.62623522379545
11760.383984888462,11762.064126400972,11765.394942356092,352.7116642235651
11760.383984888462,11761.049585850744,11764.15980766172,206.97193004171277
11760.383984888462,11760.561180277251,11763.050837673323,64.09690030163802
11760.383984888462,11760.383984888465,11760.383984888462,0.0
