Best,Mean,Worst,Diversity
3354.664642507637,3365.9720645255984,3419.719133826339,2869.3772227521986
3354.664642507637,3357.7421521304286,3367.726951462704,490.1462135735933
3354.664642507637,3356.724602986446,3360.1900580947113,331.1814261728823
3354.664642507637,3355.613810307783,3357.6494747322354,227.59834320073242
3354.664642507637,3355.3809310653182,3357.159326878939,183.02051731182019
3354.664642507637,3354.734560441351,3356.063001181895,26.56881481090022
3354.664642507637,3354.6646425076383,3354.664642507637,0.0
