Best,Mean,Worst
83.54864606977722,86.96280503144277,148.92136456876457
83.54864606977722,83.66489631921212,83.8720305958132
83.54864606977722,83.57307170251256,83.8720305958132
83.54864606977722,83.55340133268294,83.5761674245556
83.54864606977722,83.55202526494402,83.5761674245556
83.54864606977722,83.55033566736064,83.5761674245556
83.54864606977722,83.54927312946619,83.55491666666666
