Best,Mean,Worst,Diversity
3366.7939338428037,3371.6825454516866,3454.114604640546,1751.6707123800174
3366.6766716216844,3367.0802905395058,3367.910476036025,67.67690148785323
3366.6766716216844,3366.922566822599,3367.4074388078648,50.160113186561375
3366.6766716216844,3366.7306101632726,3366.9950347440486,17.004439764011295
3366.6766716216844,3366.6889807701505,3366.9005807728095,4.610654962753415
3366.6766716216844,3366.676671621683,3366.6766716216844,0.0
