Best,Mean,Worst,Diversity
84.81720129870132,85.45276898101898,85.87648076923077,101.69082917082687
84.81720129870132,85.34684103396603,85.87648076923077,105.92794705294466
84.81720129870132,84.97609321928073,85.87648076923077,54.02325299700178
84.81720129870132,84.81720129870132,84.81720129870132,0.0
