Best,Mean,Worst,Diversity
76.70113127495841,84.82099456371273,99.93217503169592,1385.5441270034007
76.05906359168155,79.22924223421742,86.8512078395965,749.0205058098463
76.05906359168155,77.49695393923938,85.85333840502446,411.1818724104145
76.05906359168155,76.34979425305279,77.02615617540596,67.52190020837459
76.05906359168155,76.1376711716701,76.69505295296393,25.378129939630895
76.05906359168155,76.06495021259335,76.0800855233755,1.6627905837905814
76.05906359168155,76.06093642584685,76.07779193333457,0.6742202995085904
76.05906359168155,76.05906359168154,76.05906359168155,0.0
