Best,Mean,Worst,Diversity
17.21924763597209,18.24496813856866,20.414630397061856,189.35001452983983
17.21924763597209,17.50350443115519,18.40007468335053,67.10667703778648
17.21924763597209,17.329691532120933,17.603723056934378,27.340747699871628
17.21821456699066,17.251213426777365,17.427805487077443,9.025632959307806
17.21821456699066,17.234400053162602,17.427805487077443,5.351126807908095
17.21821456699066,17.230061233141022,17.427805487077443,4.346095800385342
17.21821456699066,17.21963720545859,17.226278572644272,0.44076802473091803
