Best,Mean,Worst,Diversity
17801949.109766018,19071797.775088888,21789052.43718733,274295223.3191019
17801949.109766018,18348264.01961101,20457174.827073418,162737333.5092014
17801949.109766018,17948031.037944824,19312077.11572998,52612384.625377625
17801949.109766018,17802146.837822672,17802596.403073758,28356.270670827478
17801949.109766018,17802079.94561575,17802596.403073758,30167.403868492693
17801949.109766018,17802003.15689203,17802596.403073758,19236.960249837488
17801949.109766018,17801949.109766014,17801949.109766018,0.0
