Best,Mean,Worst,Diversity
13037.287878890611,13298.441341161906,14078.737575798415,63758.94558593012
13035.743860201996,13097.930716535342,13729.036746732596,20542.35895280041
13035.123047238685,13040.382293729988,13067.706263560507,1252.0932665100827
13034.663860231913,13036.687688293938,13039.913523367235,370.4128694352148
13034.531171215536,13035.913659286995,13038.95074843648,285.18444658827684
13034.531171215536,13035.242622153824,13038.236639120829,165.70469375928224
13034.531171215536,13034.828015270712,13038.236639120829,99.51360349236711
13034.531171215536,13034.723079061614,13038.236639120829,72.65960347895816
13034.531171215536,13034.53117121553,13034.531171215536,0.0
