Best,Mean,Worst,Diversity
316083.54187466553,317255.89755534474,319995.3172148259,326963.74278434494
316083.54187466553,316086.54523745965,316115.7888448172,1030.6082833711407
316083.54187466553,316083.8170197002,316085.376174896,93.54931175499223
316083.54187466553,316083.8170197002,316085.376174896,93.54931175499223
316083.54187466553,316083.54187466565,316083.54187466553,0.0
