Best,Mean,Worst,Diversity
304.61047347542114,305.60481454908506,307.861929646637,272.3456130481555
304.61047347542114,304.9572610776728,307.861929646637,118.49066255551924
304.61047347542114,304.629664024196,304.6501529812316,3.4524729495976203
304.61047347542114,304.6222940059722,304.6501529812316,2.928763712331545
304.61047347542114,304.61330966012554,304.63883532246575,1.0210264936058593
304.61047347542114,304.6118014765683,304.6370334983654,0.5046404359405301
304.61047347542114,304.6104734754211,304.61047347542114,0.0
