Best,Mean,Worst,Diversity
298.0193463568461,298.6218728419468,299.3634169744237,132.8297513718009
298.0193463568461,298.2201716049823,299.36307839476996,68.24848972648874
298.0193463568461,298.08595209354445,299.3360918553434,25.217964532574683
298.0193463568461,298.0854910164803,299.3360918553434,25.116527578464684
298.0193463568461,298.01950004920076,298.0224202039403,0.05840309479060579
298.0193463568461,298.01934635684603,298.0193463568461,0.0
