Best,Mean,Worst,Diversity
17801949.109766018,19071797.775088888,21789052.43718733,274295223.3191019
17801949.109766018,18948699.268473204,20546183.892890673,236740748.38305873
17801949.109766018,18440669.471958525,20043158.68176551,175527504.29264542
17801949.109766018,18067087.96260471,20043158.68176551,91669330.11307362
17801949.109766018,17874172.63087438,19244227.07214256,27435509.45284027
17801949.109766018,17874160.88953257,19244227.07214256,27433360.00685443
17801949.109766018,17874101.424547713,19244227.07214256,27415005.99843299
