Best,Mean,Worst,Diversity
17806772.43567259,18344699.21112553,20960092.90568584,162561485.95737144
17806772.43567259,17864789.72376398,18963393.895295322,22028000.426182207
17806772.43567259,17806941.10416853,17807810.042505633,56044.54152266309
17806772.43567259,17806778.949408077,17806902.71038248,2475.21948793903
17806772.43567259,17806772.435672585,17806772.43567259,0.0
