Best,Mean,Worst,Diversity
324062.49462955934,324303.3626503975,326956.22186515195,58054.93191101763
324062.49462955934,324133.54198868474,324179.1600994971,10378.619512365316
324062.49462955934,324104.3425720299,324179.1600994971,10187.179951993341
324062.49462955934,324073.232209364,324157.7633772555,3655.84755813214
324062.49462955934,324063.9005259485,324090.6125573446,534.2406279200222
