Best,Mean,Worst,Diversity
616.6665581316206,616.6665581316208,616.6665581316206,0.0
