Best,Mean,Worst,Diversity
620.2332011119015,620.6715419107575,620.9653076024547,70.00077568522931
620.2332011119015,620.480094459708,620.9653076024547,65.31354129612316
620.2332011119015,620.3336731615973,620.9653076024547,34.534253852034794
620.2332011119015,620.2416219403126,620.4016176801238,3.1999147962228562
620.2332011119015,620.2332011119015,620.2332011119015,0.0
