Best,Mean,Worst,Diversity
3339.678832753681,3360.5859159046986,3414.4207783182023,5141.01253349587
3337.829005791613,3347.204068349808,3404.937537612079,1954.7640585028898
3337.7650211621244,3345.870438101329,3404.937537612079,1965.3644424532522
3337.6198432554324,3344.6201842960245,3404.937537612079,1895.9284126805492
3337.5132144600234,3343.7480217283564,3404.937537612079,1841.7752533877688
3337.5132144600234,3340.209519038262,3347.7640251130815,646.2508802093162
3337.5132144600234,3339.701168783007,3345.721531660799,536.9662377455556
3337.5132144600234,3339.238741070826,3345.721531660799,471.424629715269
3337.5132144600234,3338.6693399556193,3342.265609556429,320.95911929607155
