Best,Mean,Worst,Diversity
17817096.22626089,19503812.992964886,22711627.243292417,350040013.6412907
17817096.22626089,18739982.21096809,20496010.30873621,235094041.8834507
17817096.22626089,18197181.069965545,20353011.36068625,124672747.77921095
17817096.22626089,17817096.226260893,17817096.22626089,0.0
