Best,Mean,Worst,Diversity
78.61972434277195,87.53714792548232,99.60278451647832,1123.6608137914077
77.41078088466789,81.69191160073811,89.76602488729607,841.7203236333678
77.39867143340913,78.71155881263721,84.97773331778502,389.10885096560116
77.37240642302429,77.50763291601842,78.10460336251164,36.1994277389031
77.3701100539149,77.42342816225772,77.84986929437264,13.325707237052171
77.3701100539149,77.40927604534727,77.84986929437264,12.081926561390134
77.3701100539149,77.37774588481093,77.39867143340913,2.1043621966812367
77.3701100539149,77.37100855084661,77.37659814700199,0.27253776076483405
