Best,Mean,Worst,Diversity
5057427312796310.0,5704726930050178.0,5920493469134803.0,6.472996172538705e+16
4557524472569764.0,5111400443313678.0,5920493469134803.0,1.0837695821431726e+17
4557524472569764.0,4650668064409341.0,5920493469134803.0,3.439475921858703e+16
4557524472569764.0,4625672922398014.0,5920493469134803.0,2.589641093473575e+16
4557524472569764.0,4557524472569762.0,4557524472569764.0,0.0
