Best,Mean,Worst,Diversity
17806745.940215793,19238252.572088763,21806068.453629598,291801310.0013073
17806745.940215793,18941149.7667351,20716906.080972828,250357231.41123134
17806745.940215793,18166411.055864017,20559554.793227024,123876623.17062148
17806745.940215793,17992841.04295124,19745240.036908057,67139467.0881809
17806745.940215793,17806838.77611239,17807587.910183776,31321.736277535558
17806745.940215793,17806788.03871419,17807587.910183776,15997.429391689599
17806745.940215793,17806745.94021579,17806745.940215793,0.0
