Best,Mean,Worst,Diversity
17812529.756277796,19554031.64449955,22244356.2810901,309984954.0929323
17812529.756277796,18887480.23462171,20574496.814076133,238078206.03030974
17812529.756277796,18067847.028516166,19736906.670897193,87517112.27203551
17812529.756277796,17894176.335609276,19442670.856171448,31006612.580046628
17812529.756277796,17812589.29435504,17813246.342001736,21676.117709439248
17812529.756277796,17812529.756277796,17812529.756277796,0.0
