Best,Mean,Worst,Diversity
14.282649707268765,15.158379787533766,16.815100925686046,169.49700706513138
14.282649707268765,14.631752512966727,15.696429189255191,79.2011028901958
14.281786406070626,14.468136762789328,15.325451869786804,52.630874859440794
14.270796596704063,14.373295577494655,15.325451869786804,31.024141211411333
14.270796596704063,14.295794500579092,14.398764729611498,5.98696894190865
14.270796596704063,14.279060745515958,14.323496917661437,1.8086838483645504
14.270796596704063,14.275594021257424,14.282974587868273,0.8598139616015956
