Best,Mean,Worst,Diversity
632.6559255970673,632.8578325811816,633.1270020211674,26.10478287190108
632.6559255970673,632.8416572626627,633.1270020211674,22.074906524510766
632.6559255970673,632.7708167806715,633.1270020211674,20.190468562268734
632.6559255970673,632.708373781632,632.8114823084047,13.71639456294622
632.6559255970673,632.6706826024398,632.8034956507909,5.312521934049528
632.6559255970673,632.6559255970674,632.6559255970673,0.0
