Best,Mean,Worst,Diversity
301.8567395296131,303.4004997032039,304.8327559604079,291.66492730443457
301.8567395296131,302.2714495607785,304.8327559604079,119.2185351157155
301.8567395296131,301.9405382774367,302.08721317118886,19.840680504028114
301.8567395296131,301.877160442971,302.08721317118886,6.692279322500099
301.8567395296131,301.8620778683806,301.8923284547294,1.8150351809320568
