Best,Mean,Worst,Diversity
3357.6766107924072,3358.7368585290487,3363.846869677505,288.03330393864053
3357.6766107924072,3358.04047654431,3359.9924423594985,81.49085397830959
3357.6766107924072,3357.82064738534,3358.1882709486636,38.43086033572581
3357.6766107924072,3357.776773983957,3358.1882709486636,30.41818202279319
3357.6766107924072,3357.737538995553,3358.1882709486636,20.481309452093228
3357.6766107924072,3357.7270589961336,3358.1882709486636,17.756509603011637
3357.6766107924072,3357.7021938002194,3358.1882709486636,9.721542968869926
