Best,Mean,Worst,Diversity
325705.8559555968,326656.1737489574,327490.4769596111,166948.2756838969
325705.8456760308,325889.4539276612,327252.4576688759,62255.39166880847
325705.8456760308,325754.2057445093,325941.1835506384,15103.782102841244
325705.7709392354,325708.6659253935,325761.7510445772,1080.8040066301473
325705.7709392354,325707.31929393345,325735.91006864485,583.5182333312696
325705.7709392354,325705.78640057286,325705.8559555968,4.9784666586783715
325705.7709392354,325705.77467607526,325705.8456760308,1.4199991123750806
325705.7709392354,325705.77093923546,325705.7709392354,0.0
