Best,Mean,Worst,Diversity
3356.1614038691005,3357.315912174282,3358.5280910277497,191.77540366482435
3356.1307707449596,3356.812186218497,3358.4918661070606,160.31415242777803
3356.1307707449596,3356.3954934385083,3357.562355267576,71.88046893017554
3356.1307707449596,3356.2641306950295,3357.4722227833126,42.68130516576639
3356.1307707449596,3356.225173211203,3357.4722227833126,32.196442477272285
3356.1307707449596,3356.1503391535507,3356.240674893649,6.064295224151465
3356.1307707449596,3356.1448439461165,3356.240674893649,4.539044445335094
