Best,Mean,Worst
87.69411111111111,90.78178329015819,147.96283387039028
87.69411111111111,87.76834715219424,87.90621408563426
87.69411111111111,87.71532140856347,87.90621408563426
87.69411111111111,87.69411111111114,87.69411111111111
