Best,Mean,Worst,Diversity
317836.87566359615,318805.2413756982,322205.54105962,219703.00807725755
317836.87566359615,318083.94046933076,319546.29625067126,83789.25642743474
317836.87566359615,317839.1795301265,317855.46788209386,756.196314757748
317836.87566359615,317837.13409112574,317837.3925186552,51.68550590751693
317836.87566359615,317836.95319185505,317837.3925186552,26.359608012833633
317836.87566359615,317836.9015063491,317837.3925186552,9.820246122428216
317836.87566359615,317836.87566359615,317836.87566359615,0.0
