Best,Mean,Worst,Diversity
17801949.109766018,18735355.70175057,22059538.568633232,242512284.2465739
17801949.109766018,18222485.659602825,20164418.795633182,130587557.8986068
17801949.109766018,18024893.88633327,19330668.09554894,75955071.0738783
17801949.109766018,17802154.277275305,17803056.554484483,55836.71638480201
17801949.109766018,17801981.633456964,17802165.934372354,11058.054923169315
17801949.109766018,17801959.950996332,17802165.934372354,4119.667520396411
17801949.109766018,17801949.109766014,17801949.109766018,0.0
