Best,Mean,Worst,Diversity
3567055.855116077,3567603.577451214,3568151.299786352,109544.46702753194
3565526.917817356,3567340.502343645,3568151.299786352,136321.19798216457
3565526.917817356,3566607.9599864604,3568151.299786352,180800.45652273577
3565526.917817356,3566116.181194751,3567055.855116077,144546.8264679471
3565526.917817356,3565756.258412163,3567055.855116077,77975.80223475583
