Best,Mean,Worst,Diversity
80.2086683087028,80.28650662317114,80.3929393939394,17.19443853787027
80.2086683087028,80.2676665266101,80.3929393939394,15.404433313148076
80.2086683087028,80.20990727281489,80.21692806945019,0.4212477981170366
80.2086683087028,80.20949428477752,80.21692806945019,0.2973513869061435
80.2086683087028,80.20866830870278,80.2086683087028,0.0
