Best,Mean,Worst,Diversity
18797.006126329434,20079.21121971003,21359.481678968805,238731.91133495743
18796.920597446668,19655.311972873253,21274.796886355085,215454.47802669878
18796.920597446668,19077.807803813244,21185.59038292523,93345.7238150572
18796.920597446668,18827.67328020273,18941.310539580445,8932.323567822157
18796.920597446668,18808.59205280059,18941.310539580445,4178.671342758971
18796.920597446668,18797.0878394814,18797.625501141152,50.37814823262306
18796.920597446668,18797.013244298192,18797.625501141152,30.271554702088906
18796.920597446668,18796.92059744667,18796.920597446668,0.0
