Best,Mean,Worst,Diversity
3364.336344592305,3389.349800297742,3439.113910406224,5680.184250478901
3364.336344592305,3374.2479950810107,3434.0172933495214,2603.3746899423036
3364.336344592305,3367.4132409593017,3377.409380449274,722.424873058203
3364.2068456813276,3365.732582846187,3371.1883231373877,397.8725817071877
3364.2068456813276,3364.9873797962346,3370.78710207511,243.03383040753533
3364.2068456813276,3364.6265786062577,3369.9217143367837,136.62766780897118
3364.2068456813276,3364.2529351956814,3364.486056449039,15.174101396738479
3364.2068456813276,3364.220806219714,3364.486056449039,5.305004586517498
3364.2068456813276,3364.2068456813276,3364.2068456813276,0.0
