Best,Mean,Worst,Diversity
3354.664642507637,3365.9720645255984,3419.719133826339,2869.3772227521986
3354.664642507637,3360.1883486434153,3401.656792613425,1486.1896849622444
3354.664642507637,3356.53538266942,3358.951538953964,356.4166591529115
3354.664642507637,3356.1138590262913,3358.951538953964,335.5099578885547
3354.664642507637,3355.7112639504094,3358.492837674208,268.70117377209544
3354.664642507637,3355.402734432292,3358.492837674208,221.82418058199482
3354.664642507637,3355.130489549768,3358.492837674208,152.78756512068458
