Best,Mean,Worst,Diversity
304.78136967722264,305.5179228410216,305.992353194337,85.84901578824099
304.77965687084253,305.2553188046529,305.85935499662503,73.00677596435713
304.77965687084253,305.09931005249354,305.85935499662503,56.91864651725359
304.77965687084253,304.9235751510254,305.1736866920192,35.54120981776401
304.77965687084253,304.79693228101377,305.11186455029144,6.4775995686033525
304.77965687084253,304.78209787080965,304.8159322676329,0.8465710624342933
304.77965687084253,304.78011282033214,304.78212559864596,0.1481716009164984
