Best,Mean,Worst
11792.088453899714,12208.813599535331,13004.990415661421
11792.088453899714,11886.19749902971,12281.006144247207
11791.907791410571,11830.243381871405,12021.441000514145
11791.907791410571,11808.683846730832,12018.787978165188
11791.907791410571,11805.74619158552,12018.787978165188
11791.907791410571,11805.072058796406,12018.787978165188
11791.907791410571,11804.286937441144,12018.787978165188
11791.907791410571,11803.883235777721,12018.787978165188
