Best,Mean,Worst,Diversity
17808242.714678973,19058429.161330618,21771312.745309137,269866894.25620323
17808242.714678973,18213964.943715293,20077995.73075141,126045097.5284961
17808242.714678973,18033294.176255863,19465230.685087584,76971289.4541345
17808242.714678973,17808311.418088656,17808756.420462,23693.257601715624
17808242.714678973,17808285.732799508,17808756.420462,15653.572545263916
17808242.714678973,17808242.71467898,17808242.714678973,0.0
