Best,Mean,Worst,Diversity
624.1700045973955,624.3272420328902,624.4795873129108,30.90934999678734
624.1685687217359,624.2342954244526,624.4795873129108,20.3787125326362
624.1685687217359,624.1873554606444,624.4795873129108,6.851582088670284
624.1685687217359,624.1845504139926,624.4795873129108,6.012736279811861
624.1685687217359,624.1688558968679,624.1700045973955,0.09189604221319314
624.1685687217359,624.1688558968679,624.1700045973955,0.09189604221319314
624.1685687217359,624.1687841030849,624.1700045973955,0.07322965863863828
