Best,Mean,Worst,Diversity
17806683.52346414,18566960.656856697,20947950.481750146,189117730.25619268
17806420.16011086,17864545.263983972,18961848.46204675,21992185.46553585
17806420.16011086,17806583.94010353,17807067.008299533,40823.238328475505
17806420.16011086,17806468.555834692,17806772.43567259,16632.37052137032
17806420.16011086,17806420.160110854,17806420.16011086,0.0
