Best,Mean,Worst,Diversity
16.9199329789251,18.155316617887927,19.887671447444077,223.14625913751718
16.777055186117863,17.32487572270755,18.490793659510146,105.60848123948682
16.777055186117863,16.924434936330766,17.205445449375073,20.38065739103323
16.760198829755975,16.85760351108251,17.04998030248034,15.261147237308304
16.758593942243074,16.828772505048235,17.04998030248034,16.93100227268106
16.758593942243074,16.796454562612873,17.04998030248034,11.743401886160811
16.758593942243074,16.766325458949467,16.9096777828645,2.9237903744046463
16.758593942243074,16.76620724249925,16.9096777828645,2.8906897683439325
16.758593942243074,16.75859394224307,16.758593942243074,0.0
