Best,Mean,Worst,Diversity
644.9742936641303,682.4895692300213,1020.127049323039,13505.499203720708
644.9742936641303,644.9742936641304,644.9742936641303,0.0
