Best,Mean,Worst
83.62986217948719,86.85893114963741,148.2112415824916
83.62986217948719,83.62986217948719,83.62986217948719
