Best,Mean,Worst,Diversity
40245.12183225152,41211.1130256743,45802.03806094967,264184.7077380357
40244.09288131135,40404.73798537515,40989.5898318009,38402.38326603635
40234.0387871205,40292.40261925156,40466.19734341437,14027.470921960688
40234.0387871205,40245.999933241364,40280.52086456363,2285.0887083734415
40234.0387871205,40240.26983596888,40280.52086456363,1590.494123998571
40234.0387871205,40236.288876723476,40249.42112978916,584.9748408139349
40234.0387871205,40234.55316149917,40236.731540412315,148.60010826841608
40234.0387871205,40234.24257655098,40234.974748070425,61.18095550430735
