Best,Mean,Worst,Diversity
85.67422761942996,85.73290831035348,85.84183333333334,15.253989070939326
85.67074358974358,85.69869036163551,85.84183333333334,8.775728983902184
85.67074358974358,85.67289008072734,85.67460144057623,0.35353172835183955
85.67074358974358,85.67144039568083,85.67422761942996,0.22297789992808248
85.67074358974358,85.67091779122788,85.67422761942996,0.06619656404114949
85.67074358974358,85.67074358974357,85.67074358974358,0.0
