Best,Mean,Worst
634.669268449714,634.669268449714,634.669268449714
