Best,Mean,Worst,Diversity
3342.163971063994,3355.7488830946213,3382.313904534451,2766.351819340408
3342.163971063994,3349.1309848596597,3370.380411768058,1519.2368797978656
3342.163971063994,3345.985528661241,3369.533517547078,1120.665795583604
3342.073459988533,3344.751242041766,3369.533517547078,828.882085211721
3342.073459988533,3342.373453253162,3343.457043673988,73.77308139584011
3342.073459988533,3342.1820073485856,3342.5058434524817,18.71055753226983
3342.073459988533,3342.1375846477845,3342.27063490574,10.787332561448238
3342.073459988533,3342.1310811442527,3342.27063490574,11.106575507143589
3342.073459988533,3342.1129377891293,3342.27063490574,10.40785494067768
