Best,Mean,Worst
324.1902086632967,324.8348185307476,336.45416129974274
324.1902086632967,324.20633765021734,324.25816752470774
324.1902086632967,324.19445234458,324.25816752470774
324.1902086632967,324.1902086632966,324.1902086632967
