Best,Mean,Worst,Diversity
19120.77805697571,20438.319169990074,21835.88467952773,243237.99728711863
19120.77805697571,19991.853479011945,21607.6460412853,212367.88557241228
19120.155009562775,19605.700092471732,21533.944522615686,150283.43658686284
19117.63886356532,19287.151253599317,21344.063567817488,57060.99033710739
19117.63886356532,19245.096047006,21331.458340645695,46494.634142424475
19117.63886356532,19242.532795718373,21331.458340645695,46107.123625487315
19117.63886356532,19126.156671408626,19218.503852823844,2843.460828515119
19117.63886356532,19124.654057969416,19218.503852823844,2460.3987135166753
19117.63886356532,19123.3541533094,19218.503852823844,2069.00473363755
