Best,Mean,Worst,Diversity
3096349.0757449064,3096349.0757449083,3096349.0757449064,0.0
3096349.0757449064,3096349.0757449055,3096349.0757449064,0.0
3096349.0757449064,3096349.075744906,3096349.0757449064,0.0
