Best,Mean,Worst,Diversity
18808.606325817585,20064.114805665176,21443.29564582684,237579.63437075008
18808.606325817585,19077.15346755513,21443.29564582684,92673.1707727793
18808.606325817585,18845.020983464827,19403.852583821383,12718.68225500306
18808.252702594553,18810.2067258631,18815.79368550553,391.3055793656349
18808.252702594553,18808.815418729755,18812.802557737108,166.26279979457468
18808.252702594553,18808.423658574276,18809.550082850743,50.11109692596074
18808.252702594553,18808.252702594556,18808.252702594553,0.0
