Best,Mean,Worst,Diversity
17802165.934372354,19019872.41537223,21779089.905831855,265794903.8418898
17801949.109766018,18414388.527058244,20219419.45795215,167098398.18739584
17801949.109766018,18186762.74627718,19591729.089533933,117697099.5603079
17801949.109766018,17865290.066555146,19065338.69086855,24038330.009256713
17801949.109766018,17802070.429495335,17803056.554484483,36958.8592152372
17801949.109766018,17801970.792226646,17802165.934372354,7805.685828119516
17801949.109766018,17801959.95099633,17802165.934372354,4119.667520396411
