Best,Mean,Worst,Diversity
3357.5854712729642,3358.9249348271114,3361.8618332097476,320.80942093026715
3357.5854712729642,3357.9151682126712,3358.3361419451603,68.94825747413279
3357.469239410978,3357.7140909010536,3358.3361419451603,57.76980954295732
3357.442845693167,3357.492853834392,3357.5854712729642,11.763093710181693
3357.442845693167,3357.4825895505855,3357.5854712729642,10.947397943826218
3357.442845693167,3357.460480467367,3357.5854712729642,5.746751503432733
3357.442845693167,3357.449500937312,3357.549556858303,2.4762053403710524
3357.442845693167,3357.4441653790554,3357.469239410978,0.5014806384101576
3357.442845693167,3357.442845693165,3357.442845693167,0.0
