Best,Mean,Worst
111.49571428758495,116.22837724589922,130.16570563708092
108.42673866214511,113.51047749871483,121.77490986813169
108.18517411812908,110.5994972666394,118.56191628394868
107.9171027088063,109.40144449371121,111.96025173190631
107.9171027088063,108.91465095448885,111.96025173190631
107.9171027088063,108.52915857167845,111.48996133622313
107.9171027088063,108.30816689568776,110.12407454768763
107.9171027088063,108.23094155171616,110.12407454768763
