Best,Mean,Worst,Diversity
3353.2763973680203,3354.1972873175423,3354.7408001619942,87.71565695886557
3353.2763973680203,3354.0255754833333,3354.588256813424,63.43882620820477
3353.2763973680203,3353.8480267297127,3354.588256813424,82.80366068788317
3353.2329157772274,3353.4607249709297,3354.085408298135,55.16199904152245
3353.2329157772274,3353.2810221608584,3353.463250636203,7.3122906443422835
3353.2329157772274,3353.24995563557,3353.293454976039,4.601370363145179
3353.2329157772274,3353.2329157772265,3353.2329157772274,0.0
