Best,Mean,Worst,Diversity
17817096.22626089,18656736.698828943,22032398.73984962,233066644.78279597
17817096.22626089,18177863.467369422,20040849.71830055,117488953.23018141
17817096.22626089,17963737.64413499,19533428.546916965,53242743.981711715
17817096.22626089,17903169.648302533,19533428.546916965,32684061.66591461
17817096.22626089,17817096.26686611,17817096.63231306,14.617878198623657
17817096.22626089,17817096.2465635,17817096.63231306,7.714991271495819
17817096.22626089,17817096.226260893,17817096.22626089,0.0
