Best,Mean,Worst,Diversity
298.0193463568461,298.6218728419468,299.3634169744237,132.8297513718009
298.0193463568461,298.2876825205705,299.3634169744237,85.76511692339687
298.0193463568461,298.020422203329,298.0224202039403,0.2797200855760593
298.0193463568461,298.0201148186196,298.0224202039403,0.23053853206818076
298.0193463568461,298.0196537415555,298.0224202039403,0.11065849539272676
298.0193463568461,298.01934635684603,298.0193463568461,0.0
