Best,Mean,Worst,Diversity
3361.771242114328,3366.888457566979,3420.5518135042166,1851.432572641977
3361.7227588767278,3363.9274867695967,3404.7337527538048,822.57506618348
3361.7227588767278,3361.7623570953706,3361.84108204802,7.2291156061796755
3361.7227588767278,3361.7431472913668,3361.791144506308,5.032536257225274
3361.7227588767278,3361.7348796861284,3361.771242114328,3.636242820005009
3361.7227588767278,3361.722758876728,3361.7227588767278,0.0
