Best,Mean,Worst,Diversity
14.22945603782144,15.226035005174058,17.118517479118253,186.7824026223642
14.192782143256364,14.56492120520971,15.283746290992589,80.91920704848604
14.189530900584796,14.371759820119731,15.283746290992589,49.16139214169764
14.189530900584796,14.240076622397904,14.626771040330617,12.848285107330828
14.189530900584796,14.21501138546412,14.27499573433576,4.709759663720513
14.189530900584796,14.200572227116236,14.22643414289774,2.1075301657978613
14.189530900584796,14.194102794141596,14.219175119171876,1.118340008343532
14.189530900584796,14.190679970626949,14.198967895408163,0.3283163605836741
