Best,Mean,Worst,Diversity
86.85921509738077,95.15094792601735,102.30982372679111,954.5877492502921
85.61711661056944,89.74599547022679,96.67084042834463,793.4552358039663
85.58976885241827,87.21904556961452,92.14193454311359,362.9620885691751
85.58881674457854,86.11815190849669,87.3335449912773,116.47476558882099
85.43168994366795,85.72392679622467,86.87430673947823,64.44381067496208
85.43168994366795,85.54837836936274,86.08982362551902,32.50580446022077
85.43168994366795,85.47711372047249,86.03990304860189,16.044430800407582
85.43168994366795,85.43317106613313,85.46131239297064,0.5628265367511602
85.43168994366795,85.43168994366799,85.43168994366795,0.0
