Best,Mean,Worst,Diversity
13158.98116487163,13413.256865090476,13903.056072744092,47334.90135534547
13127.63554480435,13266.431827254148,13716.341629055874,27604.477577972095
13127.63554480435,13198.022355167932,13436.449377373563,18881.290680678205
13127.407275853106,13160.91323670676,13436.449377373563,11000.332141424316
13127.407275853106,13128.55630690266,13135.499198038644,369.3228801458208
13127.407275853106,13127.595891466146,13128.638609219686,60.62696200466053
13127.407275853106,13127.407275853102,13127.407275853106,0.0
