Best,Mean,Worst,Diversity
3640836.09591534,3667865.987051071,3758138.000079768,8073319.469567889
3640836.09591534,3641812.223911129,3652651.050120122,355513.4269778887
3640836.09591534,3640836.09591534,3640836.09591534,0.0
