Best,Mean,Worst,Diversity
77.66284130549025,84.83701698138577,97.25734680180986,1037.5555437874414
76.72628452716543,80.28433809548153,84.34162804724525,598.8869696696506
76.72628452716543,78.08214645732667,82.79409342456032,346.98701075515476
76.72434423407901,77.48548551602389,82.79409342456032,240.6375787861683
76.72434423407901,77.09440963680571,81.16078710082702,126.01726963619123
76.72434423407901,76.82541810260113,77.34725660038738,31.837762726997894
76.72434423407901,76.75701255859276,77.12395298638305,11.737878158634743
76.72434423407901,76.73537765031622,76.93191509366684,4.153389784386235
76.72434423407901,76.72456279166975,76.72652980998629,0.07868073266195097
