Best,Mean,Worst,Diversity
17806683.52346414,18566960.656856697,20947950.481750146,189117730.25619268
17806683.52346414,18121991.13595369,19560731.210994918,102666221.5929188
17806420.16011086,17806789.320691198,17807067.008299533,30666.180144794285
17806420.16011086,17806619.67532109,17806902.71038248,37639.8551309593
17806420.16011086,17806531.747127336,17806745.940215793,27529.884974241257
17806420.16011086,17806472.832781512,17806683.52346414,16855.254609823227
17806420.16011086,17806446.496446185,17806683.52346414,9481.080718025565
17806420.16011086,17806420.160110854,17806420.16011086,0.0
