Best,Mean,Worst,Diversity
17817096.22626089,19503812.992964886,22711627.243292417,350040013.6412907
17817096.22626089,19210930.154584076,21602773.819587283,268384001.89488852
17817096.22626089,18627388.859425504,20457163.211503744,208538683.71958125
17817096.22626089,18207846.18357744,20352337.63145848,128139841.78626615
17817096.22626089,17943858.296520773,20352337.63145848,48169586.69875422
17817096.22626089,17943661.778402574,20348407.26909448,48094909.81383819
17817096.22626089,17939616.992929358,20267511.559630174,46557891.33401641
