Best,Mean,Worst,Diversity
524298.4322262916,524320.9356778956,524330.5039009879,2361.582477900083
524298.4322262916,524314.3150935582,524330.5039009879,2545.8999075213214
524298.4322262916,524308.1070080169,524330.5039009879,2378.6318591729505
524298.4322262916,524300.2953387408,524307.7477885376,596.1959837451577
524298.4322262916,524298.8980044039,524307.7477885376,176.9956826743437
524298.4322262916,524298.4322262916,524298.4322262916,0.0
