Best,Mean,Worst,Diversity
12662.683675686789,13056.844312640393,13691.185810651441,60313.38299211528
12656.456413583688,12821.643405268083,13212.336865517325,43277.583735052875
12656.456413583688,12757.553061509981,13212.336865517325,31743.83825233543
12656.456413583688,12698.096235006115,13087.735944878434,14434.262840924586
12656.456413583688,12673.039728665388,12932.22995224312,6086.570707265801
12656.456413583688,12656.727308713344,12657.428561694971,69.46013676634175
12656.456413583688,12656.514968782938,12656.876309804069,19.997352421691176
12656.456413583688,12656.475193777802,12656.832017466015,7.1364737642070395
12656.456413583688,12656.456413583686,12656.456413583688,0.0
