Best,Mean,Worst,Diversity
315571.8696629242,315605.28463991,315825.1010327897,10707.734604754427
315571.8696629242,315591.79165816226,315825.1010327897,6904.206778074615
315571.8696629242,315585.9924205275,315825.1010327897,5132.857631671766
315571.8696629242,315572.91336943145,315576.04448895314,313.1119521698565
315571.8696629242,315572.0784042256,315576.04448895314,79.32169454969699
315571.8696629242,315571.8696629241,315571.8696629242,0.0
