Best,Mean,Worst,Diversity
632.6559255970673,632.8578325811816,633.1270020211674,26.10478287190108
632.6559255970673,632.8015287900582,633.1270020211674,14.311626386166381
632.6559255970673,632.7546414621524,632.8114823084047,14.15566073170828
632.6559255970673,632.6862382735735,632.8114823084047,9.732003112409075
632.6559255970673,632.6710819353204,632.8114823084047,5.464268428712785
632.6559255970673,632.6559255970674,632.6559255970673,0.0
