Best,Mean,Worst,Diversity
4029724.848096224,4182362.612710313,4674400.740561501,174336121.72590938
4029724.848096224,4094896.034564321,4402182.522104552,86027747.43456055
4029724.848096224,4038704.5410237634,4388912.565197853,14008320.966963558
4029724.848096224,4029724.8480962226,4029724.848096224,0.0
4029724.848096224,4151432.6762088872,4601593.04030786,35075244.462562405
4029724.848096224,4084930.001352138,4402182.522104552,18796292.020824265
4029724.848096224,4029724.848096223,4029724.848096224,0.0
4029724.848096224,4086911.6673173876,4601593.04030786,5146813.729904722
4029724.848096224,4029724.848096224,4029724.848096224,0.0
