Best,Mean,Worst,Diversity
3369.5036863755786,3370.226156765247,3372.521981989023,137.05092642499676
3369.5036863755786,3369.8905190410796,3370.3957247174967,57.407950825523585
3369.5036863755786,3369.785930104755,3369.9478646371135,38.65730869623485
3369.5036863755786,3369.70493263042,3369.9279755267503,39.138389140036
3369.5036863755786,3369.674461708951,3369.9279755267503,37.33972633086569
3369.5036863755786,3369.6204252868147,3369.9279755267503,32.003663353142656
3369.5036863755786,3369.560782663949,3369.833717794523,18.553466229463083
