Best,Mean,Worst,Diversity
13158.98116487163,13413.256865090476,13903.056072744092,47334.90135534547
13127.63554480435,13290.97676775575,13738.813551123527,37625.726413362245
13127.63554480435,13204.03101155842,13306.58150386123,16106.43648549664
13127.407275853106,13170.437756923571,13300.417280043306,12607.986731868148
13127.407275853106,13145.570684256785,13300.417280043306,6345.543879596895
13127.407275853106,13136.438300592548,13277.605231816733,3364.0061935087415
13127.407275853106,13127.535580606907,13129.97337092915,48.75580644485126
13127.407275853106,13127.535580606907,13129.97337092915,48.75580644485126
13127.407275853106,13127.453680154116,13128.335361873373,17.6336343850744
