Best,Mean,Worst,Diversity
18803.79078332371,20070.55153319387,21390.592150082564,243424.84737433144
18803.79078332371,19300.671297615914,21121.85567081077,149620.05320559547
18803.79078332371,19036.040953782976,21120.226941098605,82444.97547437328
18803.79078332371,18876.291476847746,20083.566817414776,26616.89381717008
18803.79078332371,18812.039559316072,18912.255364847562,2752.200213180935
18803.79078332371,18804.491995706398,18810.624930062353,212.53361012136884
18803.79078332371,18803.86260718976,18804.681502453757,22.927003571887326
