Best,Mean,Worst,Diversity
323166.53911092423,324091.7726209542,325298.04567420646,155465.52245766472
323166.53911092423,323977.34399385686,325204.21292061085,129277.66434517642
323166.53911092423,323651.4128037967,325189.90244695003,95722.47921793238
323166.53911092423,323345.775547376,323994.4113801015,52653.584943962574
323166.53911092423,323233.69599061215,323798.77549193136,23536.271844054863
