Best,Mean,Worst,Diversity
87.69411111111111,90.78178329015819,147.96283387039028,1161.4376614645812
87.69411111111111,87.74713685474192,87.90621408563426,15.907723089236114
87.69411111111111,87.72592655728961,87.90621408563426,10.817251700680558
87.69411111111111,87.72592655728961,87.90621408563426,10.817251700680558
87.69411111111111,87.7047162598373,87.90621408563426,4.029956515939816
87.69411111111111,87.69411111111114,87.69411111111111,0.0
