Best,Mean,Worst,Diversity
77.66284130549025,84.83701698138577,97.25734680180986,1037.5555437874414
76.76710091471811,80.46223516480606,84.22658140702433,506.70491893998565
76.76710091471811,79.06396347340693,82.64052155605907,426.3828219557422
76.72628452716543,77.21901674945512,81.16652345808342,144.67697199898015
76.72434423407901,76.80482401673268,77.39605509742935,26.404905841396797
76.72434423407901,76.74645457638738,77.09985998618933,8.002441542918604
76.72434423407901,76.72504786494136,76.72652980998629,0.18539685241506731
76.72434423407901,76.72465980632408,76.72652980998629,0.10778512895825543
76.72434423407901,76.72434423407904,76.72434423407901,0.0
