Best,Mean,Worst,Diversity
3331.696723557904,3368.6602606724846,3476.970084794808,8851.298396135302
3331.696723557904,3343.2312578963256,3379.6111817737465,2835.656646906519
3331.696723557904,3334.121149733547,3364.140280915396,754.4296733462625
3331.6957971751244,3332.4969159677357,3338.105573013361,226.78603455791153
3331.6957971751244,3331.8952234323065,3333.3093739362002,63.11963697013107
3331.6957971751244,3331.7593197873102,3332.4977556219496,22.11618784692064
3331.6957971751244,3331.69602877082,3331.696723557904,0.06947870847398008
3331.6957971751244,3331.6957971751244,3331.6957971751244,0.0
