Best,Mean,Worst,Diversity
553920.2270621223,555287.0180936863,557659.7079204432,297473.89293800236
553920.2270621223,554975.2226041129,557659.7079204432,264447.7300605122
553920.2270621223,554479.5283860819,557659.7079204432,168576.35925900273
553920.2270621223,554419.3869330853,557659.7079204432,166170.70113913703
553920.2270621223,553970.6523694808,554220.9343271055,16524.744180251844
553920.2270621223,553940.5816429825,554123.7728707243,7327.649109672289
553920.2270621223,553920.2270621223,553920.2270621223,0.0
