Best,Mean,Worst,Diversity
4313023.028315447,4464694.17410168,4752561.473252497,37382907.906854436
4302063.477644103,4342243.027709177,4751176.964369314,11221535.538173258
4302063.477644103,4315661.75348288,4372790.364122734,3033859.2625174494
4302063.477644103,4307592.213811725,4314002.244954465,1114560.1832757983
4302063.477644103,4306496.258744592,4314002.244954465,1070721.9805904198
4302063.477644103,4304852.326143889,4314002.244954465,840571.4164921828
4302063.477644103,4303159.432711235,4313023.028315447,394543.8241684064
4302063.477644103,4302063.477644102,4302063.477644103,0.0
