Best,Mean,Worst,Diversity
3331.696723557904,3368.6602606724846,3476.970084794808,8851.298396135302
3331.696723557904,3348.1897843545485,3437.436687869715,4224.161051138759
3331.696723557904,3334.681207344064,3350.910650010738,755.7116220148014
3331.6957971751244,3333.0534762162883,3339.7671834908156,382.86365643635054
3331.6957971751244,3331.8715081079963,3332.4201817731755,44.059253451666336
3331.6957971751244,3331.817719704154,3332.4201817731755,35.496707431320374
3331.6957971751244,3331.726398352056,3331.8986001929406,9.990524566154363
3331.6957971751244,3331.7029763638484,3331.777473603845,2.598718726687821
3331.6957971751244,3331.6957971751244,3331.6957971751244,0.0
