Best,Mean,Worst
13164.113095860746,13474.449279715927,14094.333154101401
13158.597724458034,13295.83354631578,13671.253087543855
13157.082828922817,13237.094001230877,13671.253087543855
13157.082828922817,13234.55043931401,13671.253087543855
13157.082828922817,13206.240743199247,13400.880239514801
13157.082828922817,13187.801212541055,13297.464647604891
13157.082828922817,13175.150565702177,13296.442510190776
13157.082828922817,13174.122958496757,13296.442510190776
