Best,Mean,Worst,Diversity
324603.5493877753,325578.4389392887,327427.8933072164,247387.3950380481
324603.5493877753,324836.1711154196,327408.3299720612,83931.20741311664
324603.5493877753,324606.83135828684,324616.49463890685,877.9164352017106
324603.5493877753,324604.62091804727,324611.3721244115,366.6041195783182
324603.5493877753,324603.83864438365,324608.73739266605,108.12612934218487
324603.5493877753,324603.5643159572,324603.84795141337,5.672709123173263
324603.5493877753,324603.5493877753,324603.5493877753,0.0
