Best,Mean,Worst,Diversity
3140434.6370092914,3140434.6370092924,3140434.6370092914,0.0
