Best,Mean,Worst,Diversity
329.77350297588544,330.7932790793563,332.3572464777087,245.7708312116588
329.77350297588544,330.2778462903549,332.3361802710895,161.58533189361611
329.77350297588544,329.89864255602225,332.2762945786231,47.55304045201552
329.77350297588544,329.89864255602225,332.2762945786231,47.55304045201552
329.77350297588544,329.7735029758854,329.77350297588544,0.0
