Best,Mean,Worst
325.4956893989936,325.5607144453441,325.68919067062734
325.4956893989936,325.50883256277064,325.68919067062734
325.4956893989936,325.50652049597386,325.68919067062734
325.4956893989936,325.4968111007983,325.5181234350852
325.4956893989936,325.4956893989937,325.4956893989936
