Best,Mean,Worst,Diversity
76.31211956617437,86.1141280581906,95.21605757385183,1298.2853650843217
76.29507062810387,80.87768827607594,92.53448750533963,1131.4897867905777
76.286222676015,77.75113338166288,91.51657640097298,460.21412749416714
76.286222676015,76.48049039463498,77.28574637715282,51.22738882649526
76.286222676015,76.34041376168872,76.76599578560706,17.725182415922873
76.286222676015,76.29022092367295,76.30123343196607,1.1396283667264555
76.286222676015,76.2878976343919,76.30123343196607,0.5625305368691045
76.286222676015,76.28758949419878,76.30123343196607,0.48241408666055463
