Best,Mean,Worst,Diversity
317558.1012020733,318559.903250023,321590.4874021014,297772.82495729416
317558.1012020733,317772.3578242862,321590.4874021014,77776.04151529854
317551.2482217277,317565.3506040651,317585.80602580094,2087.2848394030007
317551.0004618357,317559.6409606837,317574.70172957616,1805.0457826047787
317551.0004618357,317554.34299329063,317574.70172957616,1041.5035019757343
317551.0004618357,317552.48486125114,317574.70172957616,540.1653787691612
317551.0004618357,317551.00046183565,317551.0004618357,0.0
