Best,Mean,Worst,Diversity
524298.4322262916,524320.9356778956,524330.5039009879,2361.582477900083
524298.4322262916,524313.6430660479,524330.5039009879,2246.8736866791733
524298.4322262916,524304.8998405472,524330.5039009879,1741.4607105654432
524298.4322262916,524298.8980044039,524307.7477885376,176.9956826743437
524298.4322262916,524298.4322262916,524298.4322262916,0.0
