Best,Mean,Worst,Diversity
324062.49462955934,324303.3626503975,326956.22186515195,58054.93191101763
324062.49462955934,324150.1380035643,324190.92033239827,7856.366308655415
324062.49462955934,324116.01699835836,324177.42818278517,9774.715062246425
324062.49462955934,324093.80138260376,324151.61843709415,7517.255774469348
324062.49462955934,324077.349300842,324140.40417282894,4608.342952051607
324062.49462955934,324066.3214233478,324091.83398015896,1265.3955389550538
324062.49462955934,324064.067847065,324078.2268046163,566.3583020498045
324062.49462955934,324063.2812383121,324078.2268046163,298.91132608184125
324062.49462955934,324062.4946295592,324062.49462955934,0.0
