Best,Mean,Worst,Diversity
81.48778571428572,81.48778571428574,81.48778571428572,0.0
