Best,Mean,Worst,Diversity
331.65683185363116,332.699777568246,335.5816077860065,287.0003629569793
331.65683185363116,332.34614541717644,335.5816077860065,222.7278564970295
331.65683185363116,331.76719687289716,332.7195789645822,39.24056995525734
331.65683185363116,331.6761953042138,332.04410086528486,7.358111221420302
331.65683185363116,331.6568318536311,331.65683185363116,0.0
