Best,Mean,Worst,Diversity
617.7296041729492,617.9793428621531,618.1458353216226,39.95819027264952
617.7296041729492,617.8602519471367,618.1458353216226,35.55526392778279
617.7296041729492,617.7408109201034,617.9537391160284,4.258563918504933
617.7296041729492,617.7296041729494,617.7296041729492,0.0
