Best,Mean,Worst,Diversity
16.07778948516849,17.417145478430204,19.382635638208235,259.80054484418804
16.0740957736839,16.505155438105817,18.395477124089112,114.92715488725302
16.0740957736839,16.16277552851565,16.821551909398625,23.71921634202856
16.0740957736839,16.09036364614316,16.204717428321054,4.152825949877112
16.0740957736839,16.078193842600108,16.108958245336755,1.4007399619920733
16.0740957736839,16.074649830406585,16.07778948516849,0.18837928571411666
16.0740957736839,16.074095773683897,16.0740957736839,0.0
