Best,Mean,Worst,Diversity
12695.247948740933,13006.366573674957,13923.93219564823,71074.7456468454
12684.465069521662,12798.79823533929,13365.161473634524,24682.68232357353
12684.465069521662,12725.06701322672,12821.144680447962,9741.33812854068
12684.108539534287,12693.450770391313,12718.467738717296,2153.482418200505
12684.108539534287,12688.647468885612,12718.467738717296,1330.6170815016612
12684.108539534287,12687.211967740956,12718.467738717296,1013.5751241673588
12684.108539534287,12685.367594836604,12695.901370185933,407.2497404029964
12684.108539534287,12684.312763020996,12685.361258635105,61.88550206650507
12684.108539534287,12684.246733981285,12685.002710222296,44.76851910706864
