Best,Mean,Worst
590579.5951197846,590579.5951197848,590579.5951197846
