Best,Mean,Worst,Diversity
563457.1973918099,564496.1406249135,565765.9601320401,228567.5112827886
563457.1973918099,563572.6355288214,565765.9601320401,43866.49206437357
563454.0723136071,563572.4792749112,565765.9601320401,43925.86855022691
563454.0723136071,563456.2719475203,563466.8142098462,492.10228476766497
563454.0723136071,563455.0098370678,563457.1973918099,262.50656903581694
563454.0723136071,563454.072313607,563454.0723136071,0.0
