Best,Mean,Worst,Diversity
319417.09658785956,319795.4687704751,321896.12423527543,96374.27613196801
319417.09658785956,319700.5104541717,321896.12423527543,72621.43939203164
319417.09658785956,319516.61843320465,319718.5263437166,19652.833723738906
319417.09658785956,319455.9227538096,319588.5270683649,8654.597019030014
319417.09658785956,319449.2285800507,319588.5270683649,7839.6859349517035
319417.09658785956,319428.6369093192,319480.63532945164,2617.1217326706974
319417.09658785956,319421.1938291189,319480.63532945164,1469.88351025281
