Best,Mean,Worst,Diversity
323354.8984385719,323882.97136266343,324907.75560623617,77153.26127092377
323318.7916827566,323653.6597174668,324095.80874127155,68415.2600873186
323318.7916827566,323511.741903613,324049.2045519293,53035.123843069654
323318.7916827566,323369.13670141564,323993.0094934235,16655.09603220079
323318.7916827566,323330.36866591906,323362.344169601,3282.826396419201
323318.7916827566,323319.8625707993,323325.48016378545,354.4356347268913
323318.7916827566,323318.79168275656,323318.7916827566,0.0
