Best,Mean,Worst,Diversity
576410.8681915409,576411.963581246,576413.9978764122,284.8013232878875
576410.8681915409,576411.1811600281,576413.9978764122,112.66865536663681
576410.8681915409,576410.8681915409,576410.8681915409,0.0
