Best,Mean,Worst,Diversity
82.04473737373738,82.05658219879959,82.07434943639292,2.842758014932315
82.04473737373738,82.0506597862685,82.07434943639292,1.8951720099548766
82.04473737373738,82.04769858000296,82.07434943639292,1.066034255599618
82.04473737373738,82.04473737373739,82.04473737373738,0.0
