Best,Mean,Worst,Diversity
302.6040941750999,302.6431429856105,302.6750920123918,7.028785891902146
302.6040941750999,302.62539352628744,302.6750920123918,5.963818332523033
302.6040941750999,302.6040941750999,302.6040941750999,0.0
302.6040941750999,302.6324933100166,302.6750920123918,6.815792380026323
302.6040941750999,302.6182937425582,302.6750920123918,4.543861586684216
302.6040941750999,302.61119395882906,302.6750920123918,2.5559221425098713
302.6040941750999,302.6040941750999,302.6040941750999,0.0
302.6040941750999,302.62539352628744,302.6750920123918,5.963818332523033
302.6040941750999,302.6040941750999,302.6040941750999,0.0
