Best,Mean,Worst,Diversity
79.8693986206506,86.58442852212615,99.52321569808329,985.394193681512
78.5971843426866,81.11166189026451,85.82981571812903,524.6162859651964
78.19373038044678,78.89872318576053,81.32742093808574,163.82348770036873
78.19373038044678,78.5019594396907,79.8693986206506,83.22116689723234
78.19373038044678,78.32021365831304,79.1304004123048,39.99041881245482
78.19373038044678,78.23332693401193,78.58969591609795,14.254759283442183
