Best,Mean,Worst,Diversity
17813246.342001736,18652242.841660775,22034480.84205424,231866928.76723647
17813246.342001736,18183583.569848917,20444949.955914237,122680440.76811624
17813246.342001736,17895131.531727757,19450950.136522196,31116372.09588874
17813246.342001736,17813246.342001736,17813246.342001736,0.0
