Best,Mean,Worst,Diversity
299.85094716261915,300.8043533353378,301.4611712137847,146.19173266094958
299.85094716261915,300.2012236434398,301.4611712137847,84.84558461160128
299.85094716261915,299.98914864093274,301.4611712137847,43.17065905172325
299.85094716261915,299.8845040724822,300.0144020149368,10.513066912300587
299.85094716261915,299.8675812943175,300.0144020149368,5.959422764725673
299.85094716261915,299.85113959359694,299.8528714723958,0.06927515195957312
299.85094716261915,299.8510433781081,299.8528714723958,0.03656188575644137
