Best,Mean,Worst,Diversity
323166.53911092423,324091.7726209542,325298.04567420646,155465.52245766472
323166.53911092423,324086.8232571514,325204.21292061085,153602.6640251521
323166.53911092423,323731.0662137378,325204.21292061085,142519.08882170013
323166.53911092423,323277.75981472025,323961.64887957816,37144.69856019551
323166.53911092423,323204.7335248454,323820.91045126715,14161.530349021545
323166.53911092423,323204.10378543375,323820.91045126715,14031.899875417585
323166.53911092423,323166.94604541187,323174.67780067906,154.6351053416147
