Best,Mean,Worst,Diversity
3122292.918923681,3122724.1890534116,3123108.328699462,77299.23404683638
3122292.918923681,3122457.1241533193,3123108.328699462,39910.14803396119
3122292.918923681,3122324.339246135,3122345.286127771,5027.251592606306
3122292.918923681,3122311.247445113,3122345.286127771,4765.415572158061
3122292.918923681,3122300.7740042955,3122345.286127771,2670.7274085721
3122292.918923681,3122295.5372838867,3122345.286127771,994.9768777033314
3122292.918923681,3122292.918923682,3122292.918923681,0.0
