Best,Mean,Worst,Diversity
19053.117191728288,20272.788506623438,21533.725288929374,233427.52818297996
19053.117191728288,19639.25991730486,21497.852912653674,170684.30065290772
19050.342451868986,19203.367861126088,21497.852912653674,52982.48577628135
19050.342451868986,19073.16992464514,19131.81183746193,5624.874334949021
19050.17787989213,19060.624472682553,19126.456936770028,3009.8927442346903
19050.17787989213,19058.00358290981,19126.456936770028,2568.497909954378
19050.17787989213,19051.365265987406,19055.077137528566,337.92523681760576
19050.17787989213,19050.32294583633,19052.256338892046,50.18789949409984
19050.17787989213,19050.177879892122,19050.17787989213,0.0
