Best,Mean,Worst,Diversity
3354.664642507637,3365.9720645255984,3419.719133826339,2869.3772227521986
3354.664642507637,3358.473049547959,3368.695499423149,816.5022342283028
3354.664642507637,3356.5320311721844,3362.323302031122,389.1778018136961
3354.664642507637,3355.828817005259,3358.1772745829558,283.65047265792145
3354.664642507637,3354.8151300614395,3356.4601579644323,52.93016067159624
3354.664642507637,3354.6646425076383,3354.664642507637,0.0
