Best,Mean,Worst,Diversity
11685.522506678497,12047.226620731888,12774.322468441595,75546.61543541292
11685.522506678497,11853.909896759606,12409.955265073479,41744.828071671145
11685.203979042066,11756.627851178311,12155.240051855728,22003.32445215986
11685.203979042066,11690.271665163415,11709.616249416955,1486.0004240975304
11685.062486397823,11685.418096242898,11686.132544061225,51.04526983883807
11685.062486397823,11685.16772318863,11685.522621361531,29.416047649319808
11684.996346062042,11685.124372374328,11685.522621361531,30.175023885482005
11684.996346062042,11685.022240595135,11685.315815716456,9.046238544005973
11684.996346062042,11684.996346062046,11684.996346062042,0.0
