Best,Mean,Worst,Diversity
324.1902086632967,324.8348185307476,336.45416129974274,238.198087541505
324.1902086632967,324.804466002409,336.11894617861606,230.8745781365114
324.1902086632967,324.19614382100565,324.25816752470774,2.0523827583735965
324.1902086632967,324.1910544015094,324.20712342755365,0.32138052088237146
324.1902086632967,324.1902086632966,324.1902086632967,0.0
