Best,Mean,Worst,Diversity
86.63299675324674,86.64151639610387,86.65192929292931,1.874321428574092
86.63299675324674,86.6386765151515,86.65192929292931,1.5903333333355931
86.63299675324674,86.63299675324674,86.63299675324674,0.0
