Best,Mean,Worst,Diversity
323354.8984385719,323882.97136266343,324907.75560623617,77153.26127092377
323331.1556410446,323691.94662911084,324095.80874127155,70598.58451469737
323331.1556410446,323451.2981731473,324065.8720984497,36961.54831947904
323318.7916827566,323332.56866451475,323360.81148831965,2711.9316648875247
323318.7916827566,323327.83755467396,323354.8984385719,2314.49134876678
323318.7916827566,323321.43545245804,323335.4175292734,844.6909871238167
323318.7916827566,323318.930249124,323321.5630101059,52.65521963668289
323318.7916827566,323318.79168275656,323318.7916827566,0.0
