Best,Mean,Worst
83.54864606977722,86.96280503144277,148.92136456876457
83.54864606977722,86.88364849751717,148.92136456876457
83.54864606977722,86.86558587862008,148.90474747474747
83.54864606977722,83.56925702914027,83.8720305958132
83.54864606977722,83.55202526494402,83.5761674245556
83.54864606977722,83.54990018915512,83.55491666666666
83.54864606977722,83.54990018915512,83.55491666666666
