Best,Mean,Worst,Diversity
17806420.16011086,18340550.8505055,20837080.33254432,160637747.0808756
17806420.16011086,18160593.939157873,19608222.108137697,109841754.15293756
17806420.16011086,17894201.91700592,19557481.289760176,33307021.481639493
17806420.16011086,17894082.32272772,19557481.289760176,33294947.953162406
17806420.16011086,17806444.287624437,17806902.71038248,9168.455160763115
17806420.16011086,17806444.287624437,17806902.71038248,9168.455160763115
17806420.16011086,17806433.32827852,17806683.52346414,5003.9037122912705
