Best,Mean,Worst
641.8441128507933,641.8441128507932,641.8441128507933
