Best,Mean,Worst,Diversity
18969.874217700235,20224.19665902833,21382.197106763673,233755.76166658927
18969.55419349163,19580.343928531973,21360.85630339085,178630.82205091242
18969.55419349163,19001.963485038996,19146.19592438305,8975.201246886081
18965.77179318593,18979.670824212528,19060.175762037827,3714.9868970004754
18965.455080803724,18968.509002550505,18974.137292420783,547.2512784694845
18965.455080803724,18966.298295803583,18972.270622586253,266.70884341196506
18965.455080803724,18965.45508080372,18965.455080803724,0.0
