Best,Mean,Worst,Diversity
322.1806043398931,325.17218191439275,329.4202059985445,639.702627040781
322.1806043398931,323.80860101763426,328.42193173581137,443.3972371740397
322.1806043398931,322.6174702914276,327.9324752557246,137.21322132230654
322.1806043398931,322.2398325364327,322.5547637928161,17.299152003883478
322.1806043398931,322.22876811469087,322.5547637928161,16.116669688351976
322.1806043398931,322.18531063805216,322.24418557571835,1.7273038457971097
322.1806043398931,322.18060433989297,322.1806043398931,0.0
