Best,Mean,Worst,Diversity
304.61047347542114,305.60481454908506,307.861929646637,272.3456130481555
304.61047347542114,304.8001727339189,307.861929646637,63.614082773101416
304.61047347542114,304.6322138824248,304.6501529812316,3.5406205378922664
304.61047347542114,304.6188018471245,304.63883532246575,2.3463586697396295
304.61047347542114,304.61189156777334,304.63883532246575,0.5388750938475368
304.61047347542114,304.6104734754211,304.61047347542114,0.0
