Best,Mean,Worst,Diversity
86.11457487922706,86.11457487922702,86.11457487922706,0.0
86.11457487922706,86.11457487922709,86.11457487922706,0.0
86.11457487922706,86.11457487922708,86.11457487922706,0.0
