Best,Mean,Worst
2633431.6000718903,2633431.600071891,2633431.6000718903
