Best,Mean,Worst,Diversity
534594.113890166,536425.315002355,539175.4389187996,439651.5300764282
534594.113890166,535279.4141765478,539175.4389187996,233078.03608634567
534594.113890166,535050.9174937649,539175.4389187996,164453.09253494616
534594.113890166,534821.8512423333,539137.4695605352,86517.41107759741
534594.113890166,534821.2816736845,539137.4695605352,86323.75773701316
