Best,Mean,Worst,Diversity
331.03085915180816,331.66920450943644,332.32883786942307,113.63741766402273
331.03085915180816,331.4039021942016,332.32883786942307,64.78170814096808
331.03085915180816,331.29808030742925,332.32883786942307,38.815303713572064
331.03085915180816,331.25015051333725,332.32883786942307,48.84061767789092
331.03085915180816,331.15615386273123,331.5766229894814,31.76766647380458
331.03085915180816,331.09846458296613,331.55346197481094,21.522796921626366
331.03085915180816,331.0511098478163,331.2333661118899,7.290250562942447
