Best,Mean,Worst,Diversity
302.6040941750999,302.6431429856105,302.6750920123918,7.028785891902146
302.6040941750999,302.6182937425582,302.6750920123918,4.543861586684216
302.6040941750999,302.6040941750999,302.6040941750999,0.0
