Best,Mean,Worst,Diversity
4430597.41103896,4685985.128226914,4999435.295997034,54480041.10935956
4430597.41103896,4483919.760239892,4963820.903048273,19196045.712335244
4430597.41103896,4430597.41103896,4430597.41103896,0.0
