Best,Mean,Worst,Diversity
3338.484813785214,3349.8812660521166,3393.693216943587,2480.703410249988
3338.484813785214,3342.518988468556,3352.937911738304,1099.9687295836852
3338.484813785214,3340.578990327994,3352.178583368499,682.8022115932167
3338.484813785214,3339.591551573718,3351.516164777327,387.35458854089165
3338.484813785214,3338.953582117094,3346.8005649704087,170.81011315963178
3338.484813785214,3338.517102786728,3338.7056462417922,9.251959536054073
3338.484813785214,3338.501405610789,3338.7056462417922,5.860877498473201
