Best,Mean,Worst,Diversity
17801949.109766018,18735355.70175057,22059538.568633232,242512284.2465739
17801949.109766018,18107568.36707694,19857648.759319782,100559349.57691112
17801949.109766018,18033840.126038004,19526164.869228642,79444439.1741122
17801949.109766018,17802213.74226016,17803056.554484483,69571.8704290837
17801949.109766018,17802035.88421058,17802265.791580893,23595.932132408023
17801949.109766018,17801949.109766014,17801949.109766018,0.0
