Best,Mean,Worst,Diversity
323449.4421576917,324136.8650565339,326660.0981475121,200259.6398161968
323444.85124287434,323645.0582523169,325392.2936751163,69805.48919235321
323444.82911852794,323451.16482281697,323454.56540409283,812.8701417745324
323444.82911852794,323449.65479408036,323454.56540409283,861.3404136201134
323444.82911852794,323446.3970199956,323454.4478903764,490.226043106406
323444.82911852794,323444.83796826645,323444.85124287434,2.1239372547715902
323444.82911852794,323444.8302247451,323444.85124287434,0.4203625816735439
323444.82911852794,323444.82911852776,323444.82911852794,0.0
