Best,Mean,Worst,Diversity
17813677.256714452,18580044.967033155,20783897.240895115,201998565.90288386
17813677.256714452,18205335.47205428,20725644.71448319,129075389.84152205
17813677.256714452,17979309.74666893,19474017.08877332,59579477.020058274
17813677.256714452,17896064.410525408,19456607.64041309,31284897.106559776
17813677.256714452,17813782.84789007,17815037.06428259,38620.61484564096
17813677.256714452,17813677.256714456,17813677.256714452,0.0
