Best,Mean,Worst
331.65683185363116,332.699777568246,335.5816077860065
331.65683185363116,332.0467152309653,334.4990667826962
331.65683185363116,331.7795629139885,332.7646071277784
331.65683185363116,331.7323335590797,332.289827450049
331.65683185363116,331.68130818942745,332.04410086528486
331.65683185363116,331.6578544306738,331.67728339448576
331.65683185363116,331.6568318536311,331.65683185363116
