Best,Mean,Worst,Diversity
3353.2763973680203,3354.1972873175423,3354.7408001619942,87.71565695886557
3353.2763973680203,3353.9611548665516,3354.359457910116,65.35978605865012
3353.2763973680203,3353.77012692801,3354.3001744460207,76.41359166302027
3353.2329157772274,3353.6250977674163,3354.169096730361,70.01693917175999
3353.2329157772274,3353.580507285364,3354.164337810041,69.56041276722044
3353.2329157772274,3353.5400560267562,3354.164337810041,68.25498043801053
3353.2329157772274,3353.477636885314,3354.164337810041,62.54235070943605
3353.2329157772274,3353.4133753188034,3354.164337810041,53.120674116052214
3353.2329157772274,3353.4133753188034,3354.164337810041,53.120674116052214
