Best,Mean,Worst,Diversity
3341.2783018413184,3346.2260489605155,3357.104241390073,952.296476897689
3341.2783018413184,3344.6149900298856,3351.7612024354794,729.8314422739063
3341.2783018413184,3343.10340720504,3350.1089381519328,481.79681706941483
3341.2783018413184,3342.011830087698,3347.8016450093974,185.02193495089568
3341.2783018413184,3341.8119717699365,3347.400283146487,143.35350325300124
3341.2783018413184,3341.4824468755432,3341.7232325479413,36.993723064581445
3341.2783018413184,3341.4388817754357,3341.7232325479413,35.49355459444678
