Best,Mean,Worst
3096349.0757449064,3096349.0757449055,3096349.0757449064
