Best,Mean,Worst,Diversity
329.37862191477404,330.94506947042385,336.55613777440846,353.79864555488393
329.37862191477404,330.2999569020248,336.55613777440846,255.38951142290318
329.37862191477404,329.56258449427423,331.1896242326494,55.435150501230055
329.37862191477404,329.498720290089,331.1896242326494,42.616625720310594
329.37862191477404,329.39178644903313,329.4664828433912,3.821312975934802
329.37862191477404,329.381389749872,329.40630026575275,0.9964206352333349
329.37862191477404,329.3786219147741,329.37862191477404,0.0
