Best,Mean,Worst,Diversity
17825710.34435873,18640130.237209138,22025592.488980856,227694127.58509424
17825710.34435873,18066953.1641583,19257084.10392304,77985840.421852
17825710.34435873,17995441.240232877,18959686.3342061,57658790.72320421
17825710.34435873,17882395.335379753,18954828.19069658,21514376.118305594
17825710.34435873,17825811.865240496,17826716.350785233,36492.303086880594
17825710.34435873,17825711.264597844,17825728.74914092,349.690861556679
17825710.34435873,17825710.344358735,17825710.34435873,0.0
