Best,Mean,Worst,Diversity
3090609.6426712666,3090948.609772709,3091362.902896697,74572.76231762907
3090609.6426712666,3090760.2947163517,3091362.902896697,48208.654427558184
3090609.6426712666,3090647.305682537,3091362.902896697,14311.944283181336
3090609.6426712666,3090647.305682537,3091362.902896697,14311.944283181336
3090609.6426712666,3090609.6426712656,3090609.6426712666,0.0
