Best,Mean,Worst,Diversity
11614.477972538993,11968.445718906845,12618.780840965152,71814.73105418442
11614.477972538993,11821.855734628272,12550.117231019096,50441.08693016918
11613.578592372774,11691.115317173277,12082.276352739738,22648.957569743463
11613.578592372774,11625.891586990023,11794.754779001254,4050.562246735428
11613.578592372774,11615.703919076781,11623.666317793557,412.27266448761293
11613.578592372774,11615.363455890129,11623.666317793557,365.6754891024066
11613.578592372774,11614.733829317047,11618.49577994026,252.99177073310238
11613.578592372774,11614.217660007738,11615.887367578613,155.62832985986824
