Best,Mean,Worst,Diversity
3356.26367589592,3366.792484856932,3446.2083787096117,3317.7331981604148
3356.26367589592,3357.1872976121144,3359.11220131918,183.1766671509513
3356.26367589592,3356.7107445412826,3358.0179047706697,109.17618226470222
3356.26367589592,3356.4052026050367,3357.682992356362,44.95182196422138
3356.26367589592,3356.3394521007167,3357.682992356362,28.602542551797796
3356.26367589592,3356.268486277695,3356.3598835314147,1.8279450743948473
3356.26367589592,3356.268486277695,3356.3598835314147,1.8279450743948473
3356.26367589592,3356.2636758959206,3356.26367589592,0.0
