Best,Mean,Worst,Diversity
3356.1614038691005,3357.315912174282,3358.5280910277497,191.77540366482435
3356.1614038691005,3356.6386545018295,3358.5280910277497,124.16884187384858
3356.1307707449596,3356.3128705487497,3357.3716931926974,52.08298967229257
3356.1307707449596,3356.296592986163,3357.3716931926974,50.93920355708451
3356.1307707449596,3356.1609358031324,3356.3300753887197,8.253034616745936
3356.1307707449596,3356.138429025995,3356.1614038691005,2.2974843105657783
3356.1307707449596,3356.1307707449596,3356.1307707449596,0.0
