Best,Mean,Worst,Diversity
3751266.567886032,3767247.3292490467,3787306.592609782,3553727.461890919
3751266.567886032,3756435.321831922,3787306.592609782,1766866.3321097698
3751266.567886032,3751266.567886032,3751266.567886032,0.0
