Best,Mean,Worst,Diversity
3356.6371728080007,3376.7301635820163,3489.533063107733,5766.575463274188
3356.6371728080007,3363.2075339940516,3406.56843782241,1563.5396647518673
3356.6371728080007,3361.630589657371,3406.56843782241,1475.5447363670046
3356.6371728080007,3358.1280209679453,3364.572446557889,419.7587336300194
3356.6371728080007,3357.275430454955,3359.449080277597,152.29115975961076
3356.6371728080007,3356.964533291404,3359.449080277597,105.81945884776269
3356.6371728080007,3356.7319871687178,3357.8422835770293,34.17223445263153
