Best,Mean,Worst
608.4070890384,609.4269400687524,610.1068407556539
608.4070890384,608.662051795988,610.1068407556539
608.4070890384,608.4070890383998,608.4070890384
