Best,Mean,Worst,Diversity
12662.683675686789,13056.844312640393,13691.185810651441,60313.38299211528
12657.09871308476,12929.050705696773,13691.185810651441,54005.61115076853
12657.09871308476,12791.920708025938,13162.606070620841,36440.07238527082
12656.456413583688,12663.054005799135,12715.671183390534,1777.8080609108492
12656.456413583688,12657.338988447125,12662.112689304488,190.21254688075715
12656.456413583688,12657.055696101703,12662.112689304488,175.36402687883674
12656.456413583688,12656.541638344812,12657.09871308476,29.42122534432565
12656.456413583688,12656.456413583686,12656.456413583688,0.0
