Best,Mean,Worst,Diversity
318293.5505159756,319284.53216585633,320526.0971537934,215356.600330305
318293.5505159756,318944.8456139852,320452.2932693674,179462.79928924097
318293.5505159756,318408.1166069951,320415.02703534614,42249.137052562786
318293.5505159756,318296.80300022697,318303.7780401843,872.0318858606624
318293.5505159756,318295.08464460704,318303.7780401843,521.6037346417434
318293.5505159756,318294.5732683966,318303.7780401843,368.19087151181884
318293.5505159756,318293.5505159757,318293.5505159756,0.0
