Best,Mean,Worst
13.995051584105774,14.984721003703958,16.661802184255343
13.993914818500254,14.36006837084274,15.250502930771368
13.993914818500254,14.169524462713207,14.841644545551068
13.99356980485526,14.092935754125108,14.82915324727349
13.99356980485526,14.073418687516513,14.82915324727349
13.99356980485526,14.073259654124971,14.82915324727349
13.99356980485526,14.06980324371762,14.82915324727349
13.99356980485526,14.068337744509146,14.82915324727349
13.99356980485526,14.046300302323178,14.815845172260687
