Best,Mean,Worst
296.06266226602446,296.07942200154855,296.11441342678035
296.06266226602446,296.0649300824956,296.08830027951603
296.06266226602446,296.0626622660245,296.06266226602446
