Best,Mean,Worst,Diversity
563457.1973918099,564496.1406249135,565765.9601320401,228567.5112827886
563454.0723136071,564034.2318229573,565765.9601320401,173216.58200311742
563454.0723136071,563688.3982528246,565765.9601320401,83319.08740468463
563454.0723136071,563688.0857450042,565765.9601320401,83419.08990717446
563454.0723136071,563455.9473605287,563457.1973918099,300.0075074695051
563454.0723136071,563455.4785987984,563457.1973918099,309.3827420779271
563454.0723136071,563455.0098370678,563457.1973918099,262.50656903581694
563454.0723136071,563454.228567517,563457.1973918099,59.376485853339545
563454.0723136071,563454.072313607,563454.0723136071,0.0
