Best,Mean,Worst,Diversity
317101.7330866983,317124.12577904866,317183.11314895423,5338.585941054393
317099.6071262934,317109.5092210049,317150.7073257865,2495.294692741998
317099.6071262934,317103.69310879975,317117.0602339553,752.2521677064942
317099.4682289677,317102.7204215903,317117.0602339553,716.2246353429509
317099.4682289677,317101.4086843937,317117.0602339553,512.70126721618
317099.4682289677,317099.65092051716,317101.7330866983,54.14408293948509
317099.4682289677,317099.49600843294,317099.6071262934,8.889428846538067
317099.4682289677,317099.4751738341,317099.6071262934,2.6390491888159886
317099.4682289677,317099.46822896774,317099.4682289677,0.0
