Best,Mean,Worst,Diversity
17806420.16011086,18645431.21215347,22003382.362495605,232016333.5408382
17806420.16011086,18218684.663144983,19828867.16787868,126686925.24400768
17806420.16011086,17949535.882956587,19340236.408173442,51641992.84680495
17806420.16011086,17872727.272339992,19128854.431548618,25157536.255610984
17806420.16011086,17806531.91588072,17807067.008299533,35702.80646828562
17806420.16011086,17806470.116298378,17807067.008299533,18278.800134140998
17806420.16011086,17806420.160110854,17806420.16011086,0.0
