Best,Mean,Worst,Diversity
3333.4908553865707,3347.9102812377578,3408.715062988098,3148.6307411766315
3333.4908553865707,3339.032803237943,3357.8810483379457,1568.739367322732
3333.4908553865707,3336.3373198407376,3355.2281130837514,928.8134295349014
3333.4908553865707,3333.8670878079124,3335.6742456178554,112.83967988348786
3333.4908553865707,3333.6495999010876,3335.6742456178554,56.65254069403272
3333.4908553865707,3333.5040624556123,3333.583108392383,4.503021111104317
3333.4908553865707,3333.4951525959455,3333.5767995740916,1.6329395628972634
