Best,Mean,Worst,Diversity
17806772.43567259,18344699.21112553,20960092.90568584,162561485.95737144
17806772.43567259,17864813.857851062,18963393.895295322,22031930.34404548
17806772.43567259,17806854.890099537,17807587.910183776,28883.80592730269
17806772.43567259,17806813.209398143,17807587.910183776,15494.015712562948
17806772.43567259,17806813.209398143,17807587.910183776,15494.015712562948
17806772.43567259,17806772.435672585,17806772.43567259,0.0
