Best,Mean,Worst,Diversity
632.9338169177881,651.3720948670627,994.1081978982395,6912.028528410319
632.9338169177881,633.0234153101362,633.625478498733,18.88645690385681
632.9338169177881,632.9719681761992,633.0886362711178,7.80721423237469
632.9338169177881,632.9429400050115,632.994637499277,3.1018496559330515
632.9338169177881,632.939898975937,632.994637499277,2.189540933599801
632.9338169177881,632.9338169177881,632.9338169177881,0.0
