Best,Mean,Worst,Diversity
317242.18028121785,317329.48426602565,317408.67389002035,13022.406008844846
317242.18028121785,317290.80037711724,317386.86581942486,6858.784800220863
317242.18028121785,317268.78059186053,317289.4519768937,3835.1429643382435
317242.18028121785,317261.70732889284,317289.4519768937,3209.7592004227336
317242.18028121785,317251.58563589625,317266.22841015126,1804.560840660124
317242.18028121785,317248.5512720565,317262.59292062494,1398.3171771756024
317242.18028121785,317242.5562526864,317248.09977539,138.0693524532835
317242.18028121785,317242.2602779778,317242.9802488173,28.79883358022198
317242.18028121785,317242.1802812179,317242.18028121785,0.0
