Best,Mean,Worst,Diversity
17806745.940215793,19238252.572088763,21806068.453629598,291801310.0013073
17806745.940215793,18724694.852117542,20580925.765727215,222211628.16195452
17806745.940215793,18231691.457718913,19696863.544714455,129563942.80703942
17806745.940215793,17962320.59302071,19417021.628803056,56094678.28410413
17806745.940215793,17887347.990362007,19417021.628803056,30621395.609884966
17806745.940215793,17806794.10042835,17807067.008299533,16374.472270779312
17806745.940215793,17806745.94021579,17806745.940215793,0.0
