Best,Mean,Worst,Diversity
3357.5854712729642,3358.9249348271114,3361.8618332097476,320.80942093026715
3357.469239410978,3357.979484801329,3361.6192043134215,128.76908772503248
3357.442845693167,3357.664777311781,3358.3361419451603,40.37783226993679
3357.442845693167,3357.5951934376694,3358.3361419451603,37.38212866796539
3357.442845693167,3357.5870974685618,3358.3361419451603,37.80016648838455
3357.442845693167,3357.527136946848,3358.1531066539355,23.696081838086684
3357.442845693167,3357.5158316655347,3358.1531066539355,22.603061497631643
3357.442845693167,3357.506073635196,3358.1531066539355,20.66321258339576
