Best,Mean,Worst,Diversity
3356.6371728080007,3376.7301635820163,3489.533063107733,5766.575463274188
3356.6371728080007,3361.463240796723,3366.483691678907,766.5357780594068
3356.6371728080007,3359.785555316078,3366.3916137530578,697.6833029514028
3356.6371728080007,3357.9597906803237,3362.513694622893,320.69087171687625
3356.6371728080007,3357.0683887155005,3359.3573401813474,126.57795842820906
3356.6371728080007,3356.682546966057,3357.0909143885783,16.33469690079255
3356.6371728080007,3356.6598598870282,3357.0909143885783,8.621090030973846
