Best,Mean,Worst,Diversity
17818279.193245545,19055502.596441466,22193252.7352988,298826207.5450653
17818279.193245545,19055502.596441466,22193252.7352988,298826207.5450653
17818279.193245545,18941924.822584327,22193252.7352988,291498791.808645
17818279.193245545,18770655.001309816,22193252.7352988,261243838.97528446
17818279.193245545,18421071.303561892,20364157.850147165,178443295.3197439
17818279.193245545,18003834.465375915,19116172.84641735,63453943.558144346
17818279.193245545,17874045.100058734,18933597.3295095,21191044.589015152
17818279.193245545,17818279.193245538,17818279.193245545,0.0
