Best,Mean,Worst,Diversity
537565.1972562999,537587.8791551132,537615.6014758849,4990.017738915514
537565.1972562999,537580.9827983907,537615.6014758849,4289.834419995081
537565.1972562999,537568.3817434943,537597.0421282449,1146.415390019305
537565.1972562999,537566.7894998972,537597.0421282449,605.0525669546332
537565.1972562999,537565.1972562999,537565.1972562999,0.0
