Best,Mean,Worst,Diversity
17.912635862780093,18.911425355143756,21.35661318981743,178.52662016465183
17.875616649578106,18.303919411614544,19.15178333608685,85.03207071839287
17.875616649578106,18.09352091616627,18.775931924872513,51.042554159996584
17.809633844193662,17.959934216450613,18.23956040577342,25.28072547298478
17.761849798432884,17.8562688280021,18.06340316486456,17.453475917422676
17.761849798432884,17.791184553322886,17.86928536991953,6.727720222766592
17.761849798432884,17.781631791541574,17.83571052194211,5.086879057527
17.761849798432884,17.776399125827105,17.813916117513486,4.095223036982027
