Best,Mean,Worst,Diversity
17801949.109766018,18735355.70175057,22059538.568633232,242512284.2465739
17801949.109766018,18128771.127180856,19520318.024813958,105206881.54912207
17801949.109766018,17802180.052484874,17803056.554484483,56033.53268186748
17801949.109766018,17802080.415216185,17803056.554484483,40082.280968911946
17801949.109766018,17801970.792226646,17802165.934372354,7805.685828119516
17801949.109766018,17801949.109766014,17801949.109766018,0.0
