Best,Mean,Worst
16.208251686519766,17.21371228610828,19.297278727422004
16.17412042778482,16.73421930367307,18.53055250182994
16.11130404930102,16.378947090525045,17.915726071798588
16.11130404930102,16.324404776885228,17.72600333777615
16.11130404930102,16.18867622296593,16.531902957217333
16.11130404930102,16.179639815400296,16.531902957217333
16.11130404930102,16.15379202240652,16.309613702550315
16.11130404930102,16.150345513179452,16.28112161895118
