Best,Mean,Worst,Diversity
76.64792520628949,85.2776088404764,98.13464844936695,1269.3138121172406
75.53987365265024,79.02540234337202,86.33507324030114,711.329378776396
75.49966237132351,76.39697079937456,82.31784263476563,267.69348179406893
75.49966237132351,75.80157281134616,77.95925352003464,96.15840511455293
75.49966237132351,75.53295978773045,75.74944192907137,9.75755992749103
75.49966237132351,75.51246554880268,75.56186860760317,3.9770500337340735
75.49966237132351,75.50277268313748,75.56186860760317,1.1819184893136168
75.49966237132351,75.4996623713235,75.49966237132351,0.0
