Best,Mean,Worst,Diversity
304.78136967722264,305.5179228410216,305.992353194337,85.84901578824099
304.78136967722264,305.25231672862395,305.9693707712925,68.38936370490393
304.77965687084253,305.0461437499977,305.2044778133186,35.75528239832016
304.77965687084253,304.91093588692456,305.2044778133186,34.90015401217926
304.77965687084253,304.8022690377089,305.1519432311789,8.315721561195858
304.77965687084253,304.79860370195877,305.1519432311789,7.174706619042411
