Best,Mean,Worst,Diversity
317782.7843593495,317814.5762417282,317984.8601326806,10097.949466782855
317781.4316027092,317800.5978683428,317984.8601326806,6159.277441474551
317781.4316027092,317789.3391976186,317839.0026128353,2448.893656091881
317780.4345032475,317785.52969725593,317833.4732396807,1476.1993548966711
317780.4345032475,317785.02953284746,317832.35377317056,1441.2592308262829
317780.4345032475,317780.84034833405,317781.6430368568,101.91936634725425
317780.4345032475,317780.555791941,317781.4316027092,41.803680286044255
317780.4345032475,317780.4345032476,317780.4345032475,0.0
