Best,Mean,Worst,Diversity
17812529.756277796,18643243.128076077,20643841.959230363,214919996.72760892
17812529.756277796,17981243.45261054,19703842.038087223,61116507.25200576
17812529.756277796,17812596.715066366,17813003.932098653,22151.04323590547
17812529.756277796,17812536.27001329,17812660.03098767,2475.2194875851274
17812529.756277796,17812529.756277796,17812529.756277796,0.0
