Best,Mean,Worst,Diversity
17808242.714678973,19058429.161330618,21771312.745309137,269866894.25620323
17808242.714678973,18528354.252861157,20404597.68865911,199802964.46173334
17808242.714678973,18039062.606541652,19457158.45327236,78802719.10525182
17808242.714678973,17808356.816288732,17808971.0712085,36091.380845505744
17808242.714678973,17808260.047510356,17808589.371306486,6586.475922755897
17808242.714678973,17808242.71467898,17808242.714678973,0.0
