Best,Mean,Worst,Diversity
99.85935124768453,106.3401560357272,117.17130662960172,975.8926924004401
99.31388516965403,103.00982535592902,111.79241961594946,592.1650687644999
99.31388516965403,101.46159483024414,106.66907936226737,385.72160653256344
99.1895007622878,100.2790841816516,102.3564174308951,195.50952250736083
99.1895007622878,99.64838847905997,100.46867199823275,97.10696251385835
99.1895007622878,99.42521592334198,100.22332292175743,52.013186880548034
99.1895007622878,99.29175861007793,99.74528240615817,24.048020957611115
99.1895007622878,99.23270567136319,99.43979139471708,11.222766480545715
99.1895007622878,99.1993767056986,99.26470050771383,3.3668621184382346
