Best,Mean,Worst,Diversity
17802265.791580893,18726473.009166814,22578555.923661157,254679564.20905754
17802265.791580893,18624984.4323185,21209054.830125548,218754986.7804219
17802265.791580893,18536514.084986463,21209054.830125548,208635263.81954545
17802265.791580893,18299600.06434759,20926526.846701026,156172131.94462207
17802265.791580893,17985233.604113974,19671423.736420017,65947372.15092577
17802265.791580893,17802265.791580893,17802265.791580893,0.0
