Best,Mean,Worst,Diversity
17801949.109766018,18735355.70175057,22059538.568633232,242512284.2465739
17801949.109766018,18244279.957503438,19857648.759319782,129784710.68967178
17801949.109766018,17956931.241341013,19379107.21466265,55771741.448551
17801949.109766018,17877872.396044314,19316024.486040555,28813588.48706877
17801949.109766018,17802030.935952183,17802265.791580893,23738.038085158914
17801949.109766018,17802020.094721865,17802265.791580893,21786.616628129035
17801949.109766018,17802003.360519625,17802265.791580893,17741.667761318386
