Best,Mean,Worst,Diversity
325.4956893989936,325.5607144453441,325.68919067062734,16.765586767753632
325.4956893989936,325.5343896533205,325.68919067062734,12.384081384559977
325.4956893989936,325.5053644625754,325.68919067062734,3.676524161041243
325.4956893989936,325.4956893989937,325.4956893989936,0.0
