Best,Mean,Worst,Diversity
84.14650724637681,84.18959429072632,84.2571858974359,10.483020572777946
84.14650724637681,84.16310904403568,84.2571858974359,5.644611204013557
84.14650724637681,84.15757511148271,84.2571858974359,3.984431438127217
84.14650724637681,84.15204117892976,84.2571858974359,2.102894370122698
84.14650724637681,84.15204117892976,84.2571858974359,2.102894370122698
84.14650724637681,84.14650724637681,84.14650724637681,0.0
