Best,Mean,Worst,Diversity
4424282531919921.5,4447708837654336.0,4448941801114042.0,468526114688289.5
4045552352417201.5,4362099094076143.0,4448941801114042.0,2.6679999138391964e+16
4045552352417201.5,4199510351137701.0,4448941801114042.0,3.724583092324944e+16
4045552352417201.5,4140234897292881.0,4424282531919921.5,2.8404763462704e+16
4045552352417201.5,4045552352417201.0,4045552352417201.5,0.0
