Best,Mean,Worst
584450.4511044851,584455.7477867204,584465.5844823003
584450.4511044851,584451.2077733758,584465.5844823003
584450.4511044851,584450.4511044851,584450.4511044851
