Best,Mean,Worst
17.21924763597209,18.24496813856866,20.414630397061856
17.21924763597209,17.72217439602328,18.69254016784243
17.21838738989429,17.50439887531197,18.3069081824548
17.21821456699066,17.421464119327812,18.3069081824548
17.21821456699066,17.327729873034123,18.15753283072116
17.21821456699066,17.29025094850042,17.597799804314086
17.21821456699066,17.284864757193624,17.510264921251956
17.21821456699066,17.270990897515272,17.510264921251956
17.21821456699066,17.243049306180218,17.451783857298366
