Best,Mean,Worst,Diversity
534594.113890166,536425.315002355,539175.4389187996,439651.5300764282
534594.113890166,535052.0566310625,539175.4389187996,164726.48548635922
534594.113890166,534594.6834588149,534605.5052631416,216.43608653533738
534594.113890166,534594.113890166,534594.113890166,0.0
