Best,Mean,Worst
78.09649057910394,86.97331240789778,99.16913615696689
76.98687567758252,81.51438200199505,90.88533250753568
76.98687567758252,78.91420691280268,84.07906821685202
76.86160084638442,77.96938493850537,80.18151126074261
76.86160084638442,77.60792571460145,80.18151126074261
76.86160084638442,77.53287621512075,80.16568418948697
76.86160084638442,77.39046109932201,80.16568418948697
76.86160084638442,77.15612627175815,80.16568418948697
76.86160084638442,77.06276562981135,80.16568418948697
