Best,Mean,Worst,Diversity
308.60966737028843,308.81368543767655,308.94808169878416,32.326760313460284
308.60966737028843,308.7147323142452,308.94808169878416,28.549884743596238
308.60966737028843,308.628535634086,308.93318876969704,6.942462865914877
308.60966737028843,308.60966737028855,308.60966737028843,0.0
