Best,Mean,Worst
619.1502609391877,619.2466865378153,619.4234337737762
619.1502609391877,619.2105963883762,619.2568140113557
619.1502609391877,619.1931726015778,619.2568140113557
619.1502609391877,619.1851085127844,619.2568140113557
619.1502609391877,619.1770444239912,619.2568140113557
619.1502609391877,619.1770444239912,619.2568140113557
619.1502609391877,619.1730123795944,619.2568140113557
