Best,Mean,Worst,Diversity
3353.2763973680203,3354.1972873175423,3354.7408001619942,87.71565695886557
3353.2763973680203,3354.0008969823148,3354.7408001619942,66.35807139400958
3353.2763973680203,3353.664724852654,3354.3001744460207,76.94255596733638
3353.2329157772274,3353.4525334444525,3354.085408298135,49.36797555877547
3353.2329157772274,3353.338118352692,3353.863061230897,27.71749962631202
3353.2329157772274,3353.298564029023,3353.863061230897,20.926740132177656
3353.2329157772274,3353.2380120537805,3353.2913597175107,1.8496219088615362
3353.2329157772274,3353.2329157772265,3353.2329157772274,0.0
