Best,Mean,Worst,Diversity
3362.7151681187543,3381.927869794056,3473.9306962804862,5387.858225344078
3362.7151681187543,3369.1906856519154,3411.5059418722467,1621.732875806818
3362.7151681187543,3364.8045728759744,3367.4277800207856,318.6420007915958
3362.7151681187543,3364.046593614683,3367.1960044269163,237.71172258996512
3362.7151681187543,3363.379564216636,3364.6007200790946,150.39926774313517
3362.7151681187543,3363.126806508289,3364.6007200790946,114.02437675343799
3362.7151681187543,3362.8012179159937,3363.3044689618696,28.647219300626148
