Best,Mean,Worst
304.61047347542114,305.60481454908506,307.861929646637
304.61047347542114,304.7929989509657,307.861929646637
304.61047347542114,304.6230561241811,304.63883532246575
304.61047347542114,304.6159656624199,304.63883532246575
304.61047347542114,304.6104734754211,304.61047347542114
