Best,Mean,Worst,Diversity
17802596.403073758,18635931.137540568,20877210.252506226,231881658.62710792
17802596.403073758,17889248.68056277,19528887.746612605,32842640.090009384
17802596.403073758,17802757.456067514,17803056.554484483,41873.77837597206
17802596.403073758,17802665.42578537,17803056.554484483,23467.721946973354
17802596.403073758,17802619.4106443,17803056.554484483,8742.876803774387
17802596.403073758,17802596.403073765,17802596.403073758,0.0
