Best,Mean,Worst,Diversity
299.85094716261915,300.8043533353378,301.4611712137847,146.19173266094958
299.85094716261915,300.28750658496335,301.4611712137847,98.44489014349881
299.85094716261915,300.0136668687804,301.4611712137847,43.603294315376615
299.85094716261915,299.86825480273933,300.0144020149368,5.999833270035424
299.85094716261915,299.8512358090858,299.8528714723958,0.09813979860939526
