Best,Mean,Worst,Diversity
17825710.34435873,18640130.237209138,22025592.488980856,227694127.58509424
17825710.34435873,18042925.781088214,19306805.82064043,73913427.32932955
17825710.34435873,17825816.46643604,17826716.350785233,37320.51828530431
17825710.34435873,17825714.94555428,17825728.74914092,1380.3586640395224
17825710.34435873,17825714.94555428,17825728.74914092,1380.3586640395224
17825710.34435873,17825711.264597844,17825728.74914092,349.690861556679
17825710.34435873,17825710.344358735,17825710.34435873,0.0
