Best,Mean,Worst,Diversity
324211.87620186625,324475.583211087,324984.26739757386,56060.1938281699
324207.4206156795,324368.8492903984,324970.4514143781,37475.171968708746
324207.4206156795,324326.6099780282,324628.11230521766,27407.915413020295
324203.25053759874,324276.0515277235,324628.11230521766,19416.41958376515
324203.25053759874,324239.9537824155,324484.7630521578,10645.465198091872
324203.25053759874,324208.95626352425,324252.89463287895,1634.5959145824309
324203.25053759874,324205.09844638774,324217.29751380143,581.4792222417891
