Best,Mean,Worst
652.3234650295337,652.3234650295338,652.3234650295337
