Best,Mean,Worst,Diversity
575739.851902546,575916.7560823128,576061.4958657579,31842.752357979538
575739.851902546,575852.4272896703,576061.4958657579,29269.60065228422
575739.851902546,575788.0984970279,576061.4958657579,16403.84212380764
575739.851902546,575755.9341007068,576061.4958657579,6111.235301026376
575739.851902546,575739.8519025461,575739.851902546,0.0
