Best,Mean,Worst,Diversity
3366.7939338428037,3371.6825454516866,3454.114604640546,1751.6707123800174
3366.6766716216844,3366.9413185843864,3367.4074388078648,44.93052804482386
3366.6766716216844,3366.84188864986,3367.3954211826604,38.090449458524745
3366.6766716216844,3366.762698105442,3367.15235785169,23.83574638683649
3366.6766716216844,3366.7261911357054,3367.15235785169,16.689062179976645
3366.6766716216844,3366.677785312594,3366.68780853079,0.40092872779860045
3366.6766716216844,3366.676671621683,3366.6766716216844,0.0
