Best,Mean,Worst,Diversity
94.3765332640292,100.60318706363364,117.03462486059125,907.9586993446337
94.17538967204268,96.67811315474593,99.35947781693756,382.1244972627492
94.17410374548587,95.76801336879585,98.78840395768277,344.5827694470171
94.16814550460322,94.75145031283981,96.15490813502291,129.6149771572138
94.16758036167403,94.33693253388054,95.61791332197188,52.191503205455945
94.16758036167403,94.28114324410043,95.61791332197188,40.241835691823226
94.16758036167403,94.1690419124923,94.17709788610352,0.4617769301598713
94.16758036167403,94.16781459225678,94.17226497332894,0.08900762144327246
94.16758036167403,94.16758036167403,94.16758036167403,0.0
