Best,Mean,Worst,Diversity
524298.4322262916,524320.9356778956,524330.5039009879,2361.582477900083
524298.4322262916,524309.9701204661,524330.5039009879,2155.0583652685164
524298.4322262916,524303.2962568125,524330.5039009879,1326.6601121728308
524298.4322262916,524300.2953387408,524307.7477885376,596.1959837451577
524298.4322262916,524299.3637825162,524307.7477885376,335.3602408566512
524298.4322262916,524298.4322262916,524298.4322262916,0.0
