Best,Mean,Worst,Diversity
3366.7939338428037,3371.6825454516866,3454.114604640546,1751.6707123800174
3366.6766716216844,3367.0619808255615,3367.8437298397685,64.15083790775952
3366.6766716216844,3366.9644397531833,3367.4074388078648,59.0613526566749
3366.6766716216844,3366.8359402182077,3367.4074388078648,44.27179940192309
3366.6766716216844,3366.72086953299,3366.9950347440486,14.867001320247255
3366.6766716216844,3366.680758154786,3366.7472653746318,1.5306087607941663
3366.6766716216844,3366.676671621683,3366.6766716216844,0.0
