Best,Mean,Worst
83.2653842364532,83.27516886241266,83.2849534883721
83.2653842364532,83.27027654943292,83.2849534883721
83.2653842364532,83.26831962424103,83.2849534883721
83.2653842364532,83.26636269904915,83.2849534883721
83.2653842364532,83.2653842364532,83.2653842364532
