Best,Mean,Worst,Diversity
77.70168820362468,82.62086176162211,86.25259092965061,559.4970835154942
76.84893664976843,79.32011521635488,86.24525666756153,617.318432729236
76.79005115146667,77.51778272641641,82.8350043990265,200.8174453041512
76.7637807501064,77.00041643177681,78.18755268335275,56.276777776714795
76.76300427818992,76.7972593872653,76.84674991942339,6.6512641808459705
76.76300427818992,76.77532469981642,76.82501315871916,3.8770858556640917
76.76300427818992,76.76444284216936,76.79005115146667,0.5407952433283043
76.76300427818992,76.76300856475191,76.7630900094292,0.0016288935463393273
76.76300427818992,76.76300427818994,76.76300427818992,0.0
