Best,Mean,Worst,Diversity
120.95723358051745,130.18702153729018,136.98155261615233,992.6968480763414
119.06405438520821,124.31381552819884,128.34821605024985,628.0392964208419
117.6241952841776,120.27848443511934,124.51751663179284,509.62355766157077
117.21351298997763,118.27847450645274,122.33404807676594,228.62817090719477
116.82491747507527,117.77589476299201,120.53535116573723,139.3330743710626
116.82491747507527,117.31496439687581,120.37820566096545,133.71715116354036
116.82491747507527,117.16232729842197,120.37820566096545,111.48101920200757
116.82491747507527,116.91755591382942,117.75004398480678,32.49065549910297
