Best,Mean,Worst,Diversity
3138543.3164792545,3138745.2935069436,3138910.5474386914,36355.864984248765
3138543.3164792545,3138653.485767084,3138910.5474386914,30847.40059269592
3138543.3164792545,3138580.039575197,3138910.5474386914,13220.314539726824
3138543.3164792545,3138543.316479253,3138543.3164792545,0.0
