Best,Mean,Worst,Diversity
563457.1973918099,564496.1406249135,565765.9601320401,228567.5112827886
563457.1973918099,563803.9926437463,565765.9601320401,117871.9183862115
563454.0723136071,563457.2094709813,563466.8142098462,342.09853103291243
563454.0723136071,563455.9473605287,563457.1973918099,300.0075074695051
563454.0723136071,563454.5410753374,563457.1973918099,159.37898834317457
563454.0723136071,563454.072313607,563454.0723136071,0.0
