Best,Mean,Worst,Diversity
17802265.791580893,18636963.093875688,22578555.923661157,244289553.5788189
17802265.791580893,18175360.965804033,20331694.179850627,122647706.01685977
17802265.791580893,18059739.655159913,19571672.738221675,87708549.46293136
17802265.791580893,17802265.791580893,17802265.791580893,0.0
