Best,Mean,Worst,Diversity
323449.4421576917,324136.8650565339,326660.0981475121,200259.6398161968
323448.0820557806,323550.7989880484,325392.2936751163,37334.787109292985
323444.82911852794,323452.35833800567,323458.01368445816,884.6387967222836
323444.82911852794,323447.6259142443,323454.56540409283,750.2635205875267
323444.82911852794,323446.41961980413,323454.4478903764,498.33062396314926
323444.82911852794,323445.61338748655,323454.4478903764,280.12890341161983
323444.82911852794,323444.82911852776,323444.82911852794,0.0
