Best,Mean,Worst,Diversity
317101.7330866983,317124.12577904866,317183.11314895423,5338.585941054393
317101.7330866983,317107.74448561866,317150.7073257865,1964.5284688606043
317099.6071262934,317102.1902692824,317115.128659188,331.05045187973883
317099.6071262934,317101.20159659715,317101.7330866983,159.44703036511783
317099.6071262934,317100.5638084757,317101.7330866983,210.47008008195553
317099.6071262934,317100.35121243517,317101.7330866983,193.46239684300963
317099.6071262934,317099.819722334,317101.7330866983,76.53457457525656
317099.6071262934,317099.6071262935,317099.6071262934,0.0
