Best,Mean,Worst,Diversity
17813060.1037262,18237139.648176763,20956953.81837488,139889054.49340877
17813060.1037262,17991476.653128635,19628942.10267877,64273362.131614015
17813060.1037262,17813095.412545275,17813417.67954383,11914.05257023871
17813060.1037262,17813086.697531182,17813417.67954383,9642.671080622822
17813060.1037262,17813060.103726204,17813060.1037262,0.0
