Best,Mean,Worst,Diversity
17807345.500280693,18916443.20877724,22257829.76547435,295988573.49825954
17807345.500280693,18245340.876957625,20468006.03306557,142879003.7713385
17807345.500280693,18209180.482286222,20105547.56278247,129876478.93840623
17807345.500280693,17982158.346833847,19666473.954085894,63143110.725823
17807345.500280693,17807357.62077584,17807587.910183776,4605.7881585769355
17807345.500280693,17807345.500280686,17807345.500280693,0.0
