Best,Mean,Worst,Diversity
305.47038754147036,305.6072616081432,305.8276274012427,27.734024733066462
305.47038754147036,305.54116185852456,305.8276274012427,14.780635061455314
305.47038754147036,305.5150063416703,305.8276274012427,12.103250859027412
305.47038754147036,305.4765636069499,305.5066193735005,1.979397189142901
305.47038754147036,305.4735637421834,305.5066193735005,1.1450779953394203
305.47038754147036,305.4703875414704,305.47038754147036,0.0
