Best,Mean,Worst,Diversity
17806420.16011086,18340550.8505055,20837080.33254432,160637747.0808756
17806420.16011086,18186263.356355917,19557481.289760176,117317554.79274973
17806420.16011086,17893984.6679024,19550879.407061033,33189472.68266224
17806420.16011086,17806487.730076462,17807067.008299533,23562.93356005475
17806420.16011086,17806420.160110854,17806420.16011086,0.0
