Best,Mean,Worst,Diversity
17802596.403073758,18635931.137540568,20877210.252506226,231881658.62710792
17802596.403073758,18060367.434846424,19528887.746612605,87617489.90883783
17802596.403073758,17802792.4608515,17803063.33690927,44775.897467039526
17802596.403073758,17802619.4106443,17803056.554484483,8742.876803774387
17802596.403073758,17802596.403073765,17802596.403073758,0.0
