Best,Mean,Worst,Diversity
3335.97237033327,3354.7559636939172,3433.0335292866266,5556.050270921973
3335.798527215537,3338.1942417418554,3351.65311160683,641.6675420876131
3335.7132452779806,3336.9349430765296,3346.4603666302055,334.7715065370917
3335.7132452779806,3336.1385754257544,3337.179507282275,95.7762870991487
3335.7132452779806,3335.8989987605228,3336.820976127693,46.346510053532256
3335.7132452779806,3335.7590731643736,3336.0252434632457,15.043985345573219
3335.7132452779806,3335.72096210357,3335.8675817897924,2.9323937244248555
3335.7132452779806,3335.7132452779792,3335.7132452779806,0.0
