Best,Mean,Worst,Diversity
17806420.16011086,18645431.21215347,22003382.362495605,232016333.5408382
17806420.16011086,18285363.536547914,20157441.3064154,140867229.66737407
17806420.16011086,18016723.672664944,19479909.629847575,72324035.37334394
17806420.16011086,17932989.844018575,19128854.431548618,45595508.15356766
17806420.16011086,17866755.04990398,19009106.59572271,22890132.253199764
17806420.16011086,17806531.680189878,17807067.008299533,33409.78292808309
17806420.16011086,17806437.773888938,17806772.43567259,6693.235672824085
17806420.16011086,17806420.160110854,17806420.16011086,0.0
