Best,Mean,Worst,Diversity
4430597.41103896,4727224.673646523,4999435.295997034,216068241.87797463
4430597.41103896,4564577.443439839,4999435.295997034,160280104.27025107
4430597.41103896,4439781.899833075,4797976.962803446,14327802.518814918
4430597.41103896,4430597.411038963,4430597.41103896,0.0
4430597.41103896,4663782.765017241,4999435.295997034,50978621.37056786
4430597.41103896,4545630.987303845,4964185.028357566,35493304.43631457
4430597.41103896,4430597.41103896,4430597.41103896,0.0
4430597.41103896,4467335.366215409,4797976.962803446,3306415.965880369
4430597.41103896,4430597.411038959,4430597.41103896,0.0
