Best,Mean,Worst,Diversity
656.1971075612423,656.197107561242,656.1971075612423,0.0
656.1971075612423,656.1971075612421,656.1971075612423,0.0
656.1971075612423,656.1971075612422,656.1971075612423,0.0
