Best,Mean,Worst,Diversity
19149.401823844426,20354.268856645976,21575.740832244624,227022.28941457483
19144.51907261678,19625.542997125853,21442.088684200513,147961.5303484312
19127.577781654873,19266.42895017984,21227.40108489157,45198.852196491585
19127.577781654873,19141.716717507825,19181.013999531,2991.460636325224
19127.577781654873,19132.01132678763,19158.187601452515,1260.902709749229
19127.577781654873,19127.834181786853,19130.264001122563,87.66491746434986
19127.577781654873,19127.71209262826,19130.264001122563,51.03816988612016
19127.577781654873,19127.577781654876,19127.577781654873,0.0
