Best,Mean,Worst
329.86367645894234,331.1038616982574,337.00676621006943
329.86367645894234,330.2579560560561,335.6084849881222
329.86367645894234,329.9130518195311,330.1422913221217
329.86367645894234,329.8824102374575,330.0254210886888
329.86367645894234,329.87104180091217,329.89476080515027
329.86367645894234,329.8698803016192,329.89476080515027
329.86367645894234,329.867164585016,329.8780029972115
