Best,Mean,Worst,Diversity
33040.28289361922,33266.20142454228,33999.99239565222,49554.937995041204
33040.28289361922,33127.79459769571,33263.86799455781,14692.53274969801
33039.1107070812,33095.9013424406,33209.60493049114,12888.238603056285
33039.092020738695,33077.4918937183,33209.60493049114,10305.117114658518
33039.092020738695,33071.57215627738,33209.60493049114,9663.283267802377
33039.092020738695,33060.644450965694,33209.60493049114,7221.124650166748
33039.092020738695,33048.031890938946,33209.60493049114,3340.2439714311186
33039.092020738695,33047.829197256375,33209.60493049114,3305.263386050945
33039.092020738695,33047.675301117284,33209.60493049114,3259.3037755436744
