Best,Mean,Worst,Diversity
83.62986217948719,86.85893114963741,148.2112415824916,1227.046208657083
83.62986217948719,83.62986217948719,83.62986217948719,0.0
83.62986217948719,90.09721141393061,148.39546746535117,2328.4299502824892
83.62986217948719,83.62986217948719,83.62986217948719,0.0
83.62986217948719,103.068830226727,148.62318181818182,5445.361352422657
83.62986217948719,83.62986217948719,83.62986217948719,0.0
