Best,Mean,Worst,Diversity
644.9742936641303,663.7319314470759,1020.127049323039,28511.60943007709
644.9742936641303,654.3531125556032,1020.127049323039,14630.957470697433
644.9742936641303,644.9742936641304,644.9742936641303,0.0
644.9742936641303,644.9742936641304,644.9742936641303,0.0
644.9742936641303,644.9742936641304,644.9742936641303,0.0
