Best,Mean,Worst
636.8510044021436,655.146673497898,1001.3552611815101
636.8510044021436,636.8979752400012,637.0858585914295
636.8510044021436,636.8627471116082,637.0858585914295
636.8510044021436,636.8510044021439,636.8510044021436
