Best,Mean,Worst,Diversity
18808.606325817585,20064.114805665176,21443.29564582684,237579.63437075008
18808.606325817585,19554.103153066426,21390.0080891127,201975.15675389403
18808.252702594553,19088.826575604064,21203.3131440214,94826.51580860146
18808.252702594553,19085.548723833766,21203.3131440214,94581.0803170758
18808.252702594553,19064.769746381404,21203.3131440214,90574.82443413834
18808.252702594553,19055.538039515217,21203.3131440214,88309.5326394512
18808.252702594553,19054.838317487014,21203.3131440214,88145.1850492735
18808.252702594553,19054.025662294684,21203.3131440214,87980.5697894204
