Best,Mean,Worst
4017337.405407329,4017337.405407329,4017337.405407329
