Best,Mean,Worst,Diversity
3344.251392846103,3344.33602413637,3344.3921850580286,13.074960135801575
3344.251392846103,3344.288545755622,3344.3921850580286,10.269926961952933
3344.251392846103,3344.256789526384,3344.2873707146377,1.8348712952697497
3344.251392846103,3344.2549906329573,3344.2873707146377,1.295203267249235
3344.251392846103,3344.253191739531,3344.2873707146377,0.6835795021593185
3344.251392846103,3344.251392846104,3344.251392846103,0.0
