Best,Mean,Worst,Diversity
17802724.0353314,18438400.32101228,20512432.719515786,167045215.27873862
17802724.0353314,17880715.294653695,19357882.335895184,29575085.932236653
17802724.0353314,17802955.771914713,17803304.228728667,35993.9884814471
17802724.0353314,17802891.902618743,17803088.70870046,33862.845412015915
17802724.0353314,17802807.165119667,17803056.554484483,24938.936481345445
17802724.0353314,17802740.661289047,17803056.554484483,6317.863908607513
17802724.0353314,17802724.03533139,17802724.0353314,0.0
