Best,Mean,Worst,Diversity
325.4956893989936,325.5607144453441,325.68919067062734,16.765586767753632
325.4956893989936,325.53799196727533,325.68919067062734,13.035182171637757
325.4956893989936,325.5025298500944,325.5407023810111,2.142451113925574
325.4956893989936,325.4979328026028,325.5181234350852,0.8076252992984791
325.4956893989936,325.49681110079825,325.5181234350852,0.426246685740864
325.4956893989936,325.4956893989937,325.4956893989936,0.0
