Best,Mean,Worst,Diversity
5057427312796310.0,5704726930050178.0,5920493469134803.0,6.472996172538705e+16
4557524472569764.0,5274042513994261.0,5920493469134803.0,1.0575711654440342e+17
4557524472569764.0,4830262312831128.0,5920493469134803.0,6.890873620049475e+16
4557524472569764.0,4610214814617918.0,4820976182810543.0,1.6860909455409884e+16
4557524472569764.0,4557524472569762.0,4557524472569764.0,0.0
