Best,Mean,Worst,Diversity
19149.401823844426,20354.268856645976,21575.740832244624,227022.28941457483
19130.21303369715,19832.2090319121,21539.71176025166,188121.75366582477
19127.577781654873,19528.729623018797,21533.536020559164,124102.79898609954
19127.577781654873,19289.312697203193,21222.25861781912,51410.54749514284
19127.577781654873,19263.293197714833,21222.25861781912,45670.79142829143
19127.577781654873,19251.3756278945,21222.25861781912,43945.007172506965
19127.577781654873,19241.299615530676,21222.25861781912,41959.10894529596
