Best,Mean,Worst,Diversity
14100.887706557185,14454.65095016191,15306.12424269036,68222.15837158525
14098.404350244662,14278.299934578603,14625.659723945178,30444.41488490684
14096.19595974105,14221.442161790203,14448.235903205403,22736.31020420181
14096.19595974105,14159.649145083647,14302.8356694927,13014.215051499683
14096.19595974105,14145.268235307234,14295.788509156651,11174.427878253724
14096.19595974105,14113.82392179473,14183.765607110423,4164.1335765345575
14096.19595974105,14104.201412006005,14157.652799791971,2243.926472710784
14096.19595974105,14096.672931877609,14105.73540247224,181.24941189263336
