Best,Mean,Worst,Diversity
76.46303273862027,84.78549362910043,94.70661975105394,1275.1946364662822
75.92049323454214,78.763846976878,84.78729804642307,675.0619369992266
75.91474012947339,77.6378907589512,83.99512563989563,502.7562022849122
75.91442422323479,76.26848713430178,77.12212722113978,79.60741662883902
75.87230253608334,75.91626422448704,76.2231625426745,11.032061429622658
75.87230253608334,75.88058027076208,75.92017732830355,2.487600613410322
75.87230253608334,75.87573880089425,75.92017732830355,1.2160058672301801
75.87230253608334,75.87230253608331,75.87230253608334,0.0
