Best,Mean,Worst,Diversity
3369.5036863755786,3370.226156765247,3372.521981989023,137.05092642499676
3369.5036863755786,3369.8595418342834,3370.3957247174967,52.98367457089171
3369.5036863755786,3369.738598636154,3369.9478646371135,41.5955939956084
3369.5036863755786,3369.7061192259835,3369.9478646371135,41.14488902985522
3369.5036863755786,3369.6198046537297,3369.9478646371135,29.19777788281317
3369.5036863755786,3369.5666797983336,3369.833717794523,19.783058148291275
3369.5036863755786,3369.5082495305446,3369.594949474884,1.7339988867997818
3369.5036863755786,3369.50368637558,3369.5036863755786,0.0
