Best,Mean,Worst,Diversity
4029724.848096224,4222608.404847326,4674400.740561501,50032213.21874177
4029724.848096224,4066970.6154970564,4402182.522104552,13408476.26429982
4029724.848096224,4048347.7317966395,4402182.522104552,7076695.806158235
4029724.848096224,4029724.848096223,4029724.848096224,0.0
