Best,Mean,Worst,Diversity
86.85921509738077,95.15094792601735,102.30982372679111,954.5877492502921
85.58037553716564,91.25434851974276,101.88143152918543,1137.8490154186336
85.43168994366795,86.69768717808228,90.31000439339067,272.8385482776764
85.43168994366795,85.77580588619944,87.27491181012113,77.15391231455294
85.43168994366795,85.57295597541331,86.15283950828496,38.94529930100917
85.43168994366795,85.45697087373101,85.636001396821,8.41140212679798
85.43168994366795,85.45184124991538,85.636001396821,7.168534409522977
85.43168994366795,85.44127688940333,85.60094908572722,3.5980798341308287
