Best,Mean,Worst,Diversity
17812529.756277796,19554031.64449955,22244356.2810901,309984954.0929323
17812529.756277796,19097967.401134394,20491825.54352989,256029656.79146516
17812529.756277796,18550631.884696398,19473677.70083186,163208857.28118506
17812529.756277796,18137830.777682383,19470223.864432096,104248262.93122092
17812529.756277796,17892860.777622618,19417420.183273222,30514344.925254434
17812529.756277796,17812573.006275322,17813003.932098653,14871.702540569007
17812529.756277796,17812529.756277796,17812529.756277796,0.0
