Best,Mean,Worst,Diversity
16.765560958196666,17.991812050445837,20.85643111266689,225.02502739924788
16.665239140398327,17.195740845195978,18.226131766776334,103.05822021433147
16.659112743784764,16.86211905632222,17.63667672336723,50.03953200633535
16.658578790157616,16.703834463744336,16.875551272590215,11.601513237419663
16.658578790157616,16.678107784749617,16.793539826097106,5.613489170449206
16.658578790157616,16.660932685732277,16.688338473182323,0.7645727618881288
16.658578790157616,16.65921183448217,16.661831847081885,0.1936806240890796
16.658578790157616,16.658658634483224,16.659641723042753,0.02927293647912066
16.658578790157616,16.658578790157613,16.658578790157616,0.0
