Best,Mean,Worst,Diversity
14.098457214872802,14.926924443512704,16.53784432216525,154.92471152189574
14.096183593572228,14.35467417075273,15.35048561065509,63.58513534604797
14.096183593572228,14.181824749664722,14.708211678667016,24.498793535322296
14.096183593572228,14.112046022728526,14.195423873588787,5.023380064306986
14.096183593572228,14.101567508159523,14.134599416687038,1.6568589025541183
14.096183593572228,14.097680339254037,14.107153920755007,0.42989491039627836
14.096183593572228,14.097312483066526,14.107153920755007,0.3611021443303599
