Best,Mean,Worst,Diversity
17806420.16011086,18340550.8505055,20837080.33254432,160637747.0808756
17806420.16011086,18080900.070631213,19794611.848613907,93707352.95109653
17806420.16011086,17806728.338220306,17807067.008299533,44913.026763923466
17806420.16011086,17806636.78143779,17807067.008299533,41684.77687693015
17806420.16011086,17806554.247239776,17806902.71038248,34426.51703635603
17806420.16011086,17806494.89217002,17806772.43567259,22953.09100005403
17806420.16011086,17806433.32827852,17806683.52346414,5003.9037122912705
17806420.16011086,17806420.160110854,17806420.16011086,0.0
