Best,Mean,Worst,Diversity
17812529.756277796,19554031.64449955,22244356.2810901,309984954.0929323
17812529.756277796,18910721.21037642,20574496.814076133,226551258.27254277
17812529.756277796,18519106.562594585,20447221.71993068,179123232.4652392
17812529.756277796,18228056.172181476,19720145.58749512,126092796.07130542
17812529.756277796,17973058.465073187,19417016.981636144,57779376.65073013
17812529.756277796,17812575.352426253,17812660.03098767,11854.998598434031
17812529.756277796,17812542.783748783,17812660.03098767,4689.889555424452
17812529.756277796,17812529.756277796,17812529.756277796,0.0
