Best,Mean,Worst,Diversity
316782.67355996196,317523.9317914152,318703.97088212497,173838.07118389942
316782.67355996196,317195.5448738661,318560.2980014522,118471.12041936902
316781.0637896401,316904.6053683559,318476.4922670359,40460.68744118075
316778.32293888927,316796.2529777532,316840.6841790315,3356.9463309313287
316778.32293888927,316788.65951828874,316803.9683844765,1999.4434049504343
316777.1984625625,316780.1348377535,316790.69426575315,598.6802704369184
316777.1984625625,316778.78367469314,316782.3922586301,408.58536620269297
316777.1984625625,316777.51367724116,316781.2538034799,113.0347198859672
316777.1984625625,316777.1984625626,316777.1984625625,0.0
