Best,Mean,Worst,Diversity
33040.28289361922,33266.20142454228,33999.99239565222,49554.937995041204
33039.82123764445,33175.35664504183,33762.62971344441,31942.03990154391
33039.82123764445,33103.1525488776,33265.059973185744,15082.723676569592
33039.092020738695,33076.877591532626,33187.29675327465,10123.510261279349
33039.092020738695,33056.5319143328,33187.29675327465,5680.79693044757
33039.092020738695,33046.9133923258,33169.61002405179,2768.4778763436043
33039.092020738695,33046.174023591935,33169.61002405179,2631.142913559219
33039.092020738695,33045.999312255204,33169.61002405179,2603.328550755112
33039.092020738695,33045.62072385572,33169.61002405179,2480.682948361522
