Best,Mean,Worst
588566.0378371208,602461.8251126444,644635.4699986886
588566.0378371208,593587.9725786884,644635.4699986886
588566.0378371208,588566.0378371209,588566.0378371208
