Best,Mean,Worst,Diversity
19149.401823844426,20354.268856645976,21575.740832244624,227022.28941457483
19140.85906893723,19696.665687273675,21467.701140213576,165911.33718245
19130.264001122563,19153.28382490951,19251.354838431762,4516.564532634482
19128.391709378833,19138.47480340197,19165.293487683208,2200.757261403538
19127.577781654873,19134.029886732078,19150.289245820393,1528.6645953413608
19127.577781654873,19129.341866016337,19138.267948601293,506.7539749050775
19127.577781654873,19127.953722574177,19130.21303369715,108.6725849284303
19127.577781654873,19127.577781654876,19127.577781654873,0.0
