Best,Mean,Worst,Diversity
17813003.932098653,19157799.868094295,21837246.499050576,282726632.6529706
17813003.932098653,18884998.441115748,20506845.919447534,239833479.2363662
17813003.932098653,18119153.2697748,20107831.79203851,105598826.8141241
17813003.932098653,17927614.193789747,20103997.11640524,43544627.14552556
17813003.932098653,17813052.414079264,17813246.342001736,15514.233797311783
17813003.932098653,17813040.293584112,17813246.342001736,12362.905057232827
17813003.932098653,17813028.173088957,17813246.342001736,8726.756510987878
