Best,Mean,Worst,Diversity
636.8510044021436,646.0340670784133,1001.3552611815101,14288.940521452534
636.8510044021436,636.8686184663399,637.0858585914295,26.068815010734625
636.8510044021436,636.8568757568755,637.0858585914295,9.159313382150003
636.8510044021436,636.8510044021434,636.8510044021436,0.0
636.8510044021436,636.9097179494653,637.0858585914295,17.614064196442314
636.8510044021436,636.8627471116082,637.0858585914295,4.462229596432053
636.8510044021436,636.8510044021439,636.8510044021436,0.0
636.8510044021436,636.944946077858,637.0858585914295,5.6365005428615405
636.8510044021436,636.8510044021438,636.8510044021436,0.0
