Best,Mean,Worst,Diversity
17825710.34435873,18640130.237209138,22025592.488980856,227694127.58509424
17825710.34435873,18233144.606180646,19994057.769977245,127340456.34791158
17825710.34435873,18060747.09621028,19452170.93056946,80183822.20185566
17825710.34435873,17825814.04568584,17826462.360302906,35164.40077297762
17825710.34435873,17825747.945155945,17826462.360302906,14288.302939333022
17825710.34435873,17825710.344358735,17825710.34435873,0.0
