Best,Mean,Worst,Diversity
17807929.13392683,18983406.70863582,22149058.64018322,290218734.6359804
17807694.307090618,18525674.30459587,20553589.124603406,200875423.45079938
17807694.307090618,18196274.33533983,20261108.20496334,128149554.78941055
17807694.307090618,18019562.283865947,20260761.548335858,76884717.99228212
17807694.307090618,17930485.658091865,20260761.548335858,46638869.29439125
17807694.307090618,17930435.109362252,20260761.548335858,46630202.22033158
17807694.307090618,17807768.95900407,17807957.159677465,21154.767524231225
