Best,Mean,Worst
301.5904365959212,301.6000118831152,301.6031326212899
301.5904365959212,301.5969322615723,301.6031326212899
301.5904365959212,301.5957109388855,301.60216702428966
301.5904365959212,301.5942457227898,301.60216702428966
301.5904365959212,301.5936592013714,301.60216702428966
301.5904365959212,301.59278050669417,301.60216702428966
301.5904365959212,301.5916074638573,301.60216702428966
