Best,Mean,Worst,Diversity
325930.3621695296,326364.5145532941,326865.68325269275,65752.84560667258
325927.4411973735,326108.57204112544,326523.69218742877,46234.092651753104
325925.21429693315,326009.4888927751,326491.6494467976,25910.021031482727
325921.67808225943,325961.9742077567,326491.0748284983,12073.668958558177
325921.67808225943,325956.1496471086,326489.18338071945,11981.841583259637
325921.67808225943,325925.52333752404,325944.37062524294,1154.3678638355923
