Best,Mean,Worst,Diversity
316083.54187466553,317255.89755534474,319995.3172148259,326963.74278434494
316083.54187466553,316665.2481396658,319984.39590760577,197586.91331148252
316083.54187466553,316086.6181945071,316102.19065924274,979.7596530017909
316083.54187466553,316083.90873471176,316085.376174896,117.3952147513628
316083.54187466553,316083.54187466565,316083.54187466553,0.0
