Best,Mean,Worst,Diversity
316083.54187466553,317255.89755534474,319995.3172148259,326963.74278434494
316083.54187466553,316281.6570390338,319984.39590760577,75004.9480380619
316083.54187466553,316085.58964920364,316102.19065924274,722.5351107099559
316083.54187466553,316083.63358967716,316085.376174896,34.85170437931083
316083.54187466553,316083.54187466565,316083.54187466553,0.0
