Best,Mean,Worst,Diversity
88.15194741067845,88.1519474106785,88.15194741067845,0.0
88.15194741067845,88.15194741067847,88.15194741067845,0.0
88.15194741067845,88.15194741067843,88.15194741067845,0.0
