Best,Mean,Worst,Diversity
3369.5036863755786,3370.226156765247,3372.521981989023,137.05092642499676
3369.5036863755786,3369.8522847655972,3370.3957247174967,44.698767392555965
3369.5036863755786,3369.7535026388505,3370.3957247174967,53.35186030729392
3369.5036863755786,3369.7140502000293,3369.9478646371135,41.49678055373306
3369.5036863755786,3369.6460149140294,3369.9279755267503,35.46680289695405
3369.5036863755786,3369.597314444682,3369.9279755267503,28.266466058606056
3369.5036863755786,3369.571186345529,3369.8297026948594,21.234332842176627
