Best,Mean,Worst
632.6559255970673,632.8578325811816,633.1270020211674
632.6559255970673,632.8416572626627,633.1270020211674
632.6559255970673,632.7628186306001,632.8114823084047
632.6559255970673,632.694415442021,632.8114823084047
632.6559255970673,632.6633040997535,632.8034956507909
632.6559255970673,632.6559255970674,632.6559255970673
