Best,Mean,Worst,Diversity
3323.6380899782403,3339.4435968001626,3355.4094454598367,2804.162588116724
3322.8445958742727,3329.6899840243777,3355.4094454598367,1871.4779844900936
3322.8445958742727,3325.354863532578,3350.003095296285,643.1823112369793
3322.8445958742727,3323.8281254304625,3324.922232525796,115.89017487694628
3322.8445958742727,3323.453280625691,3324.489814894395,124.35466084060363
3322.8445958742727,3323.301045666133,3324.489814894395,117.40607507364984
3322.8445958742727,3323.184086937158,3324.0294721599503,92.27473389852139
3322.8445958742727,3322.8678427699233,3323.069309114323,7.632696982214384
3322.8445958742727,3322.844595874273,3322.8445958742727,0.0
