Best,Mean,Worst,Diversity
327.20415914671054,329.84960305996094,336.87872111087376,615.4273900742953
327.20415914671054,328.3397687048781,333.62297903026735,365.4050397288465
327.20415914671054,327.79610425935243,333.62297903026735,214.0536796390861
327.20415914671054,327.5251001408884,333.62297903026735,121.95757778757934
327.20415914671054,327.20415914671054,327.20415914671054,0.0
