Best,Mean,Worst,Diversity
17803088.70870046,18523893.124762308,20567158.32377004,176296020.934774
17803088.70870046,18373141.150300268,20567158.32377004,160382090.86858788
17803088.70870046,18127650.90834628,19403281.758419536,100332410.55563088
17803088.70870046,17803266.025249895,17803668.66288129,48022.484154548496
17803088.70870046,17803099.48470187,17803304.228728667,4094.880535941571
17803088.70870046,17803099.48470187,17803304.228728667,4094.880535941571
17803088.70870046,17803099.48470187,17803304.228728667,4094.880535941571
