Best,Mean,Worst,Diversity
3332.9912332754584,3338.9038706291713,3355.6742033605183,1517.8006192669104
3332.9912332754584,3336.1064012933375,3351.7316610849302,938.2964229526606
3332.9912332754584,3333.3551818599976,3334.585683448104,95.89907371437812
3332.9615425560514,3333.0966377745876,3333.9996637627864,38.066058101044746
3332.9615425560514,3333.04273454962,3333.5752620886506,24.3876385445501
3332.9615425560514,3332.9898481424048,3333.2272379706164,8.881399012190286
3332.9615425560514,3332.9691406918237,3333.07037407103,2.8010291930991116
3332.9615425560514,3332.96154255605,3332.9615425560514,0.0
