Best,Mean,Worst,Diversity
330.71412878724806,331.0403260687509,331.94024417439954,88.18359257470411
330.7077593680872,330.96619029374403,331.94024417439954,75.50506257450365
330.7077593680872,330.85017030847035,331.94024417439954,46.33289243690069
330.7077593680872,330.72460914580404,330.8330584768269,4.586484306587295
330.7077593680872,330.7109109395432,330.74531312056547,1.0702087700965421
