Best,Mean,Worst,Diversity
322142.11542969756,323544.0582131039,325907.36927374586,345631.1396948061
322142.11542969756,322993.5459122657,325856.6518340673,257299.20668813086
322142.11542969756,322522.3734059662,325856.6518340673,135878.5043144747
322141.82618372334,322148.21023616183,322191.47846667084,2141.607135636499
322141.82618372334,322143.95572378626,322168.7079265747,733.4626972262631
322140.35391761607,322141.73680630745,322142.11542969756,71.51332221156918
322140.35391761607,322140.88367305236,322142.11542969756,139.47188927198295
322140.35391761607,322140.3539176161,322140.35391761607,0.0
