Best,Mean,Worst,Diversity
17817096.22626089,19503812.992964886,22711627.243292417,350040013.6412907
17817096.22626089,18739982.21096809,20496010.30873621,235094041.8834507
17817096.22626089,18377113.8978825,20459649.833046995,163248490.02232242
17817096.22626089,18145034.655783378,19633243.464932207,105823419.28872283
17817096.22626089,17989902.302012295,19633243.464932207,62386360.23281914
17817096.22626089,17817096.226260893,17817096.22626089,0.0
