Best,Mean,Worst
83.38049000407997,83.38049000407999,83.38049000407997
