Best,Mean,Worst,Diversity
36132.76369448391,36608.77837716507,37961.974323289876,89467.7556199254
36112.852942286496,36331.75881932967,36729.25720876928,41272.17173425959
36094.52786675745,36207.57178381023,36588.24994805192,26650.671140262144
36093.748892873664,36165.04373756581,36581.460972824265,18820.870173961543
36093.748892873664,36118.528635365,36160.96384543645,4543.370965854716
36093.748892873664,36108.277028569806,36160.96384543645,3789.6546732099814
36093.748892873664,36103.47661444679,36160.96384543645,2986.479324230655
36093.748892873664,36097.94060088006,36133.1238847061,1440.495580189141
36093.748892873664,36094.29003925778,36103.79284667235,204.0776781995155
