Best,Mean,Worst
12695.247948740933,13006.366573674957,13923.93219564823
12694.987312732821,12812.136446523193,13254.067386457553
12684.20714351477,12746.553258401205,12835.46561409141
12684.021401978476,12725.162678110693,12799.53019057957
12684.021401978476,12714.935544756878,12799.53019057957
12684.021401978476,12707.933845884141,12799.53019057957
12684.021401978476,12703.829026114601,12799.53019057957
12684.021401978476,12702.970016674619,12799.53019057957
12684.021401978476,12697.477935913474,12783.260901655562
