Best,Mean,Worst,Diversity
3333.4908553865707,3347.9102812377578,3408.715062988098,3148.6307411766315
3333.4908553865707,3338.4626260473146,3353.9519295337404,1264.1373170947122
3333.4908553865707,3335.395236051856,3353.71332291216,621.37381632714
3333.4908553865707,3333.7809124976798,3335.5351948412927,90.6096451790163
3333.4908553865707,3333.522197615861,3333.583108392383,8.224685435056927
3333.4908553865707,3333.49546803686,3333.583108392383,1.752807110435242
3333.4908553865707,3333.4908553865694,3333.4908553865707,0.0
