Best,Mean,Worst,Diversity
83.54864606977722,86.96280503144277,148.92136456876457,1268.275798089682
83.54864606977722,86.93161116056412,148.91673484848485,1266.9768593645583
83.54864606977722,83.63118179886962,83.8720305958132,24.54542582393003
83.54864606977722,83.56788096140136,83.8720305958132,7.1065071071546555
83.54864606977722,83.55002213751615,83.5761674245556,0.5229057407893407
83.54864606977722,83.54864606977723,83.54864606977722,0.0
