Best,Mean,Worst
330.71412878724806,331.0403260687509,331.94024417439954
330.71412878724806,330.87684011592626,331.94024417439954
330.7077593680872,330.79634350962766,331.93657631963197
330.7077593680872,330.7202441736336,330.74531312056547
330.7077593680872,330.71311219714505,330.7259332138356
330.7077593680872,330.7095055371155,330.71727735522325
330.7077593680872,330.70871116680064,330.71727735522325
330.7077593680872,330.70855373840186,330.71727735522325
