Best,Mean,Worst,Diversity
17813677.256714452,18580044.967033155,20783897.240895115,201998565.90288386
17813677.256714452,18311857.53194548,19559323.133020155,140545152.3434931
17813677.256714452,17897051.20364409,19474017.08877332,31640775.43785444
17813677.256714452,17813850.83826848,17815037.06428259,60233.31161560491
17813677.256714452,17813677.256714456,17813677.256714452,0.0
