Best,Mean,Worst,Diversity
33639.90426927763,34565.54817224717,35674.967960401125,126479.47561808917
33575.45133111668,34054.67226066982,35531.83920959552,86830.54429220699
33575.45133111668,33738.170649048916,34100.71727564382,36054.38542066244
33575.09606564038,33662.97534880072,34100.71727564382,23457.650815070832
33575.09606564038,33602.82166848451,33647.70681175926,6161.360192715023
33575.09606564038,33579.30170975734,33626.38456621204,1494.3426369994631
33575.09606564038,33575.386847974405,33580.91171232101,110.49728693201178
33575.09606564038,33575.09606564038,33575.09606564038,0.0
