Best,Mean,Worst
3338129.737565585,3338129.737565585,3338129.737565585
