Best,Mean,Worst,Diversity
17813677.256714452,18580044.967033155,20783897.240895115,201998565.90288386
17813677.256714452,18203396.235484976,19474017.08877332,118208540.43203583
17813677.256714452,17893616.49902458,19407887.426588163,30361317.416633986
17813677.256714452,17813714.857511666,17814429.27265863,14288.302939403802
17813677.256714452,17813714.857511666,17814429.27265863,14288.302939403802
17813677.256714452,17813677.256714456,17813677.256714452,0.0
