Best,Mean,Worst,Diversity
636.8510044021436,655.146673497898,1001.3552611815101,6942.490380436551
636.8510044021436,636.8627471116081,637.0858585914295,4.462229596432053
636.8510044021436,636.8510044021439,636.8510044021436,0.0
636.8510044021436,654.9636556546086,997.2251959371533,6865.897974308064
636.8510044021436,636.9214606589296,637.0858585914295,19.72775190001539
636.8510044021436,636.8744898210725,637.0858585914295,8.45475081429231
636.8510044021436,636.8510044021439,636.8510044021436,0.0
636.8510044021436,636.933203368394,637.0858585914295,21.371731225016674
636.8510044021436,636.8510044021439,636.8510044021436,0.0
