Best,Mean,Worst,Diversity
317836.87566359615,318805.2413756982,322205.54105962,219703.00807725755
317836.87566359615,318004.95437714737,319549.5062929084,60122.00273761689
317836.87566359615,317919.11501496413,319430.22841420147,30950.135276604793
317836.87566359615,317837.3220469349,317838.4453544373,57.425953131343704
317836.87566359615,317837.2238198951,317837.3925186552,45.08172869088594
317836.87566359615,317837.09316439845,317837.3925186552,47.0338103758404
317836.87566359615,317837.0414788925,317837.3925186552,41.69225195806939
317836.87566359615,317836.90616487246,317836.99766870146,9.150382898224052
317836.87566359615,317836.87566359615,317836.87566359615,0.0
