Best,Mean,Worst,Diversity
87.69411111111111,90.78178329015819,147.96283387039028,1161.4376614645812
87.69411111111111,87.73653170601577,87.90621408563426,13.574590369481484
87.69411111111111,87.69411111111114,87.69411111111111,0.0
