Best,Mean,Worst,Diversity
111.49571428758495,116.22837724589922,130.16570563708092,972.7462130747532
109.08543225940338,112.81038112772755,119.81870366096169,528.4400639566413
107.3776374806994,110.30123728999327,114.51473514840131,414.34386908793226
107.3776374806994,109.59278317191884,112.70843362793474,315.3885253213162
107.3776374806994,108.81402552143747,111.9067945448755,221.87525940614114
107.36027823009636,108.17119299279155,110.35862176072627,152.8796234707558
107.36027823009636,107.52639085575515,108.4725423865878,49.14655007455366
107.36027823009636,107.37097823634323,107.41684895466666,3.4171600204217043
107.36027823009636,107.36027823009636,107.36027823009636,0.0
