Best,Mean,Worst,Diversity
3357.5854712729642,3358.9249348271114,3361.8618332097476,320.80942093026715
3357.469239410978,3358.314168932836,3361.6192043134215,210.77645764518957
3357.469239410978,3357.799072776098,3359.4510997366697,77.30841602876717
3357.442845693167,3357.6803718921465,3359.4510997366697,68.86169847135488
3357.442845693167,3357.5399542347245,3358.2489217318534,26.04931600056989
3357.442845693167,3357.4656308061303,3357.5854712729642,6.754410319870203
3357.442845693167,3357.4557493487528,3357.5854712729642,4.224000724159396
3357.442845693167,3357.4441653790554,3357.469239410978,0.5014806384101576
3357.442845693167,3357.442845693165,3357.442845693167,0.0
