Best,Mean,Worst,Diversity
322142.11542969756,323544.0582131039,325907.36927374586,345631.1396948061
322142.11542969756,322720.705351384,325907.36927374586,190447.96888703824
322142.11542969756,322674.44613060635,325907.36927374586,180387.38723701617
322142.11542969756,322147.32206800405,322194.4674618479,1821.748998402676
322142.11542969756,322142.52023389435,322148.79370569286,150.98997891828185
322142.11542969756,322142.4493434973,322148.79370569286,126.88724391080905
322142.11542969756,322142.1863200946,322143.5332376392,26.938350890704896
