Best,Mean,Worst
14117.442552504564,14450.218960065768,15069.086958968866
14117.442552504564,14269.809607297595,14512.002738202651
14113.527867025688,14221.09222008863,14378.516848461895
14113.00915158453,14196.446185985455,14378.516848461895
14113.00915158453,14164.79036214578,14341.400044960077
14113.00915158453,14159.661276938297,14341.400044960077
14113.00915158453,14154.320544185812,14341.400044960077
14113.00915158453,14143.503532790102,14341.400044960077
14113.00915158453,14142.410105576582,14341.400044960077
