Best,Mean,Worst,Diversity
323682.1703085087,324015.93308515626,327323.38459955377,110000.27125467232
323682.1703085087,323757.8870662877,324721.79521774367,26835.76492951461
323682.1703085087,323690.2619651911,323838.6088648567,3047.856652792252
323682.1703085087,323682.23774072505,323683.5189528333,25.624242168094497
323682.1703085087,323682.1703085088,323682.1703085087,0.0
