Best,Mean,Worst,Diversity
3335.97237033327,3354.7559636939172,3433.0335292866266,5556.050270921973
3335.9519262798894,3352.5608967113017,3420.0301497209507,5008.8248432743185
3335.9519262798894,3344.481046793735,3420.0301497209507,2969.325119798344
3335.8643138164725,3343.945705953896,3420.0301497209507,2870.5281661604304
3335.7132452779806,3335.9659219242762,3336.7507977383084,42.956896166810566
3335.7132452779806,3335.8523937411856,3336.3024915693486,25.709810063268833
3335.7132452779806,3335.804198326941,3336.0727115064624,17.0602533599058
3335.7132452779806,3335.748564122011,3335.8643138164725,9.710025785720063
3335.7132452779806,3335.7132452779792,3335.7132452779806,0.0
