Best,Mean,Worst,Diversity
596006.0187265385,596020.0055166404,596037.1004823204,3077.0938224076526
596006.0187265385,596012.235077695,596037.1004823204,1989.2323700413108
596006.0187265385,596010.680989906,596037.1004823204,1585.1695448766695
596006.0187265385,596006.0187265386,596006.0187265385,0.0
