Best,Mean,Worst,Diversity
83.62986217948719,93.36089628345789,149.09790255561683,13239.875506972863
83.62986217948719,83.62986217948719,83.62986217948719,0.0
83.62986217948719,96.60080506242855,148.62318181818182,4152.080023908565
83.62986217948719,90.10859713157214,148.62318181818182,2332.756522986272
83.62986217948719,83.62986217948719,83.62986217948719,0.0
83.62986217948719,90.08800011978762,148.2112415824916,581.2324146270396
83.62986217948719,83.62986217948719,83.62986217948719,0.0
