Best,Mean,Worst,Diversity
14.22945603782144,15.226035005174058,17.118517479118253,186.7824026223642
14.208393257302923,14.76924629112482,16.743897725227008,145.1594243832343
14.190988688013137,14.423800416608156,15.613576722548903,63.106055366319964
14.189530900584796,14.246605049953207,14.558927382412609,12.610164535983749
14.189530900584796,14.206148530430516,14.234336102408417,3.6322472679306035
14.189530900584796,14.198871556009426,14.234336102408417,2.702842674774713
14.189530900584796,14.192457208067745,14.227167525918151,0.9840682164911758
14.189530900584796,14.189786608904758,14.191549093190725,0.08289659637044444
14.189530900584796,14.189645663900311,14.190988688013137,0.04113439464839885
