Best,Mean,Worst
17.912635862780093,18.911425355143756,21.35661318981743
17.908278197858092,18.215355398602966,19.42449247303024
17.813905435251023,18.009938737633057,18.81230161188329
17.761849798432884,17.908385333320435,18.01773449547651
17.761849798432884,17.890548046764646,18.01773449547651
17.761849798432884,17.873319716214503,18.00963564276939
17.761849798432884,17.868244248062076,18.00963564276939
17.761849798432884,17.841887273098102,17.934855524218214
17.761849798432884,17.83372507580161,17.903583372729166
