Best,Mean,Worst,Diversity
316782.67355996196,317523.9317914152,318703.97088212497,173838.07118389942
316782.67355996196,317197.10289833276,318703.97088212497,121670.04351361882
316782.67355996196,316829.0958814573,317008.20345581457,10822.291655445762
316782.67355996196,316802.7889832357,316888.6917198223,5126.274082924821
316777.1984625625,316796.0849877165,316888.6917198223,4331.119218895386
316777.1984625625,316783.58621582994,316799.8905129411,1575.3693439601338
316777.1984625625,316779.8886344972,316794.3862623907,828.4277545134537
316777.1984625625,316778.06152804056,316781.8511849805,263.15168836701196
316777.1984625625,316777.4310986835,316781.8511849805,88.40172594122123
