Best,Mean,Worst,Diversity
17806420.16011086,18340550.8505055,20837080.33254432,160637747.0808756
17806420.16011086,18043235.885082163,19608222.108137697,81663880.10788143
17806420.16011086,17806749.881650973,17807548.050301738,69532.38577513397
17806420.16011086,17806595.135140292,17807067.008299533,46910.82199707627
17806420.16011086,17806492.91903912,17807067.008299533,25380.17177626863
17806420.16011086,17806444.287624437,17806902.71038248,9168.455160763115
17806420.16011086,17806437.773888938,17806772.43567259,6693.235672824085
