Best,Mean,Worst,Diversity
17816828.770218216,18624041.842056543,22374350.19664604,243831205.14879674
17816828.770218216,17817126.10719393,17817702.578328673,67130.73950105533
17816828.770218216,17816948.49567627,17817702.578328673,38195.887568648905
17816828.770218216,17816828.770218216,17816828.770218216,0.0
