Best,Mean,Worst,Diversity
3328.8654246588935,3346.146881809561,3415.6042569492483,4096.610487150156
3328.8654246588935,3338.0559140031305,3349.6965793549534,1936.0485435732112
3328.8654246588935,3333.24264211982,3348.716001332055,1323.566010450032
3328.8654246588935,3331.0209608635523,3348.392073391785,754.6700734716364
3328.8654246588935,3328.882859954779,3329.0588361630644,5.538351541956672
3328.8654246588935,3328.869307019232,3328.8913070611534,1.3200025152532362
3328.8654246588935,3328.869307019232,3328.8913070611534,1.3200025152532362
3328.8654246588935,3328.866718779006,3328.8913070611534,0.49176564293748015
3328.8654246588935,3328.865424658893,3328.8654246588935,0.0
