Best,Mean,Worst,Diversity
301.8567395296131,303.4004997032039,304.8327559604079,291.66492730443457
301.8567395296131,302.5161111314426,304.8327559604079,196.288416669559
301.8567395296131,302.04798524262776,304.8327559604079,67.29769103655792
301.8567395296131,302.02828322300513,304.8327559604079,63.40105392255339
301.8567395296131,301.865691821622,301.9362075317949,3.1315374371490634
301.8567395296131,301.8567395296131,301.8567395296131,0.0
