Best,Mean,Worst,Diversity
299.80951648358507,299.86620492962834,299.9994945633742,13.23363790684698
299.80951648358507,299.8294076861295,299.966531442175,3.8134638431266694
299.80951648358507,299.8251376480364,299.966531442175,4.226550856704421
299.80951648358507,299.8204753981232,299.966531442175,3.853570863655591
299.80951648358507,299.809516483585,299.80951648358507,0.0
