Best,Mean,Worst,Diversity
652.3234650295337,652.3234650295342,652.3234650295337,0.0
652.3234650295337,652.3234650295338,652.3234650295337,0.0
652.3234650295337,652.3234650295336,652.3234650295337,0.0
