Best,Mean,Worst,Diversity
80.2086683087028,80.28650662317114,80.3929393939394,17.19443853787027
80.2086683087028,80.25006539416117,80.3929393939394,11.884206823363883
80.2086683087028,80.22916035741329,80.3929393939394,7.088045909624299
80.2086683087028,80.20990727281489,80.21692806945019,0.4212477981170366
80.2086683087028,80.20908129674015,80.21692806945019,0.15693545420046462
80.2086683087028,80.20866830870278,80.2086683087028,0.0
