Best,Mean,Worst,Diversity
527694.6165503163,533781.3439199516,649234.2153291844,2310617.017095339
527694.6165503163,527699.0472006308,527712.3391515741,1329.1950943297707
527694.6165503163,527695.5026803792,527712.3391515741,336.72942389687523
527694.6165503163,527694.6165503163,527694.6165503163,0.0
