Best,Mean,Worst,Diversity
18797.006126329434,20079.21121971003,21359.481678968805,238731.91133495743
18797.006126329434,19345.17019657866,21234.830899974033,162037.32489753707
18796.920597446668,19000.717292214184,20994.26803215511,71011.31836606523
18796.920597446668,18808.017909104783,18874.073661184837,3416.881433763123
18796.920597446668,18797.929978973716,18799.73340987785,174.4981264997441
18796.920597446668,18797.24310207093,18798.691272908378,77.50279866213168
18796.920597446668,18797.062093076707,18797.625501141152,38.89327706953554
18796.920597446668,18796.938305854223,18797.2747655977,6.72919486961473
18796.920597446668,18796.92059744667,18796.920597446668,0.0
