Best,Mean,Worst,Diversity
85.67422761942996,85.73290831035348,85.84183333333334,15.253989070939326
85.67422761942996,85.69100688187763,85.84183333333334,6.039413017715873
85.67422761942996,85.67424631048729,85.67460144057623,0.007102601779109818
85.67422761942996,85.67422761942997,85.67422761942996,0.0
