Best,Mean,Worst,Diversity
17813677.256714452,18580044.967033155,20783897.240895115,201998565.90288386
17813677.256714452,18106919.504948795,19418679.55328717,94822840.64694226
17813677.256714452,17814236.27127287,17815781.294709675,150077.33986964077
17813677.256714452,17813887.112483423,17815781.294709675,74055.00555101037
17813677.256714452,17813677.256714456,17813677.256714452,0.0
