Best,Mean,Worst,Diversity
13141.428927993395,13465.337399140544,14431.548636096264,55938.92367780843
13141.319630207716,13295.477541729302,13588.585121093427,29414.58854605892
13141.289142407937,13178.124734554378,13507.74230147679,12429.216531732183
13141.289142407937,13152.414691540771,13236.226005970035,3881.179522364011
13141.289142407937,13141.301337527853,13141.319630207716,2.9268287787563168
13141.289142407937,13141.292191187918,13141.319630207716,1.0975607920336188
13141.289142407937,13141.289142407939,13141.289142407937,0.0
