Best,Mean,Worst,Diversity
3338.484813785214,3349.8812660521166,3393.693216943587,2480.703410249988
3338.484813785214,3343.919895791331,3354.159513728695,1327.4403248027597
3338.484813785214,3341.339631396837,3354.159513728695,862.9322429128079
3338.484813785214,3339.6332845099846,3350.086368131084,392.62357817955717
3338.484813785214,3338.4998582456087,3338.529805986866,3.965570156202375
3338.484813785214,3338.488837645958,3338.5282896484496,1.455064379236319
3338.484813785214,3338.4848137852155,3338.484813785214,0.0
