Best,Mean,Worst,Diversity
329.37862191477404,330.94506947042385,336.55613777440846,353.79864555488393
329.37862191477404,330.0225225793398,331.1896242326494,126.62180310007511
329.37862191477404,329.6717352483892,331.1896242326494,84.58814496670004
329.37862191477404,329.52064152393655,331.1896242326494,49.14041134585676
329.37862191477404,329.4280645269504,329.6875771166358,16.512644315627256
329.37862191477404,329.39656453849426,329.6875771166358,6.668505196029059
329.37862191477404,329.3940696748672,329.6875771166358,5.870148835373243
