Best,Mean,Worst,Diversity
315571.8696629242,315605.28463991,315825.1010327897,10707.734604754427
315571.8696629242,315584.5610650517,315684.6639966068,4240.077916628332
315571.8696629242,315573.12211073283,315576.04448895314,350.6853864302393
315571.8696629242,315572.28714552696,315576.04448895314,150.29373704153113
315571.8696629242,315572.0784042256,315576.04448895314,79.32169454969699
