Best,Mean,Worst,Diversity
84.81720129870132,85.45276898101898,85.87648076923077,101.69082917082687
84.81720129870132,84.97609321928073,85.87648076923077,54.02325299700178
84.81720129870132,84.8701652722278,85.87648076923077,20.126309940059485
84.81720129870132,84.8701652722278,85.87648076923077,20.126309940059485
84.81720129870132,84.81720129870132,84.81720129870132,0.0
