Best,Mean,Worst,Diversity
79.95780958385876,79.98302027112233,80.01383333333334,5.546351197983057
79.95780958385876,79.96901433375368,80.01383333333334,3.5855199663728854
79.95780958385876,79.96341195880622,80.01383333333334,2.016854981084748
79.95780958385876,79.95780958385876,79.95780958385876,0.0
