Best,Mean,Worst
101.54269624312079,109.8163060326641,117.13191515449635
101.54269624312079,105.33633092437552,110.92932271140342
101.13790138700392,102.23823495378062,105.23584399901938
101.13790138700392,101.83131034974166,104.60885747546484
101.13790138700392,101.61365766414671,104.60885747546484
101.13790138700392,101.379531467705,104.60885747546484
101.13790138700392,101.35493084363881,104.60885747546484
101.13790138700392,101.34622495380326,104.60885747546484
