Best,Mean,Worst,Diversity
553920.2270621223,555287.0180936863,557659.7079204432,297473.89293800236
553920.2270621223,555136.4360762934,557659.7079204432,295942.7640868344
553920.2270621223,554560.4785842962,557659.7079204432,185172.87997538026
553920.2270621223,554187.0784155204,556648.0502016157,76088.76665763266
553920.2270621223,553975.5104423,554220.9343271055,17982.1660259699
553920.2270621223,553945.4397158015,554220.9343271055,9173.716780915158
553920.2270621223,553935.2624253714,554220.9343271055,5713.438034681021
553920.2270621223,553920.2270621223,553920.2270621223,0.0
