Best,Mean,Worst,Diversity
84.75224031007753,84.7522403100775,84.75224031007753,0.0
84.75224031007753,84.7522403100775,84.75224031007753,0.0
84.75224031007753,87.94475747486027,148.60258360573297,1213.1565226174532
84.75224031007753,87.94475747486027,148.60258360573297,1213.1565226174532
84.75224031007753,84.7522403100775,84.75224031007753,0.0
