Best,Mean,Worst,Diversity
19120.77805697571,20438.319169990074,21835.88467952773,243237.99728711863
19117.63886356532,19420.521921379303,21336.883820372466,95808.99388849566
19117.63886356532,19175.770459110416,19448.249314783738,15811.945098697375
19117.63886356532,19147.619028591078,19396.392855050828,9423.632510227264
19117.63886356532,19120.017640260652,19126.583010188217,423.0849108921684
19117.63886356532,19118.588319092483,19120.526074663983,195.2648449749213
19117.63886356532,19117.989813977612,19119.738684675878,99.24512352154125
