Best,Mean,Worst,Diversity
584450.4511044851,584455.7477867204,584465.5844823003,1377.1373811875237
584450.4511044851,584451.9644422666,584465.5844823003,544.8016013489105
584450.4511044851,584450.4511044851,584450.4511044851,0.0
