Best,Mean,Worst,Diversity
17802724.0353314,18438400.32101228,20512432.719515786,167045215.27873862
17802724.0353314,17883670.21225345,19416240.234558742,30687497.170111205
17802724.0353314,17883595.888961058,19416240.234558742,30686854.548825152
17802724.0353314,17883528.610708553,19416240.234558742,30686622.222258184
17802724.0353314,17802757.287246704,17803056.554484483,11970.689511045814
17802724.0353314,17802740.661289047,17803056.554484483,6317.863908607513
17802724.0353314,17802724.03533139,17802724.0353314,0.0
