Best,Mean,Worst,Diversity
82.04473737373738,82.05658219879959,82.07434943639292,2.842758014932315
82.04473737373738,82.04473737373739,82.04473737373738,0.0
