Best,Mean,Worst,Diversity
317558.1012020733,318559.903250023,321590.4874021014,297772.82495729416
317558.1012020733,317571.42584960005,317585.80602580094,1396.1711508804
317553.4983023363,317564.2234982712,317580.86198180885,1960.2321339802002
317551.0004618357,317558.44702258235,317573.0011830061,1768.5238490951015
317551.0004618357,317555.122104899,317573.0011830061,1286.2489906166447
317551.0004618357,317551.0252378248,317551.2482217277,8.919356112834066
317551.0004618357,317551.00046183565,317551.0004618357,0.0
