Best,Mean,Worst,Diversity
3338.484813785214,3349.8812660521166,3393.693216943587,2480.703410249988
3338.484813785214,3343.8787714978776,3354.6636776971127,1307.5948476415838
3338.484813785214,3341.2440273962507,3352.670645965213,843.0975810737164
3338.484813785214,3339.0498038348405,3348.105746299283,201.80578311806084
3338.484813785214,3339.0101916907092,3348.105746299283,194.21151482707
3338.484813785214,3338.4988813653754,3338.5972201086747,4.5249266123910274
3338.484813785214,3338.4866638527965,3338.521815136847,0.7030256810285209
3338.484813785214,3338.4848137852155,3338.484813785214,0.0
