Best,Mean,Worst,Diversity
323682.1703085087,324015.93308515626,327323.38459955377,110000.27125467232
323682.1703085087,323698.3536218734,323838.6088648567,5718.101265305886
323682.1703085087,323690.1945329749,323838.6088648567,3033.02156522125
323682.1703085087,323682.1703085088,323682.1703085087,0.0
