Best,Mean,Worst,Diversity
3338.5166350375575,3350.957364352821,3414.732232141988,3322.8576263614714
3338.449506694708,3339.6942928636718,3348.8893014349997,381.1925207704762
3338.449506694708,3339.1061727941074,3347.236545184564,198.16162911239826
3338.449506694708,3338.6313135554665,3339.2138361789903,31.524148568246346
3338.449506694708,3338.534299018341,3338.615071980576,14.489714407029624
3338.449506694708,3338.5005056456694,3338.615071980576,11.895966079493064
3338.449506694708,3338.466742750553,3338.57030490784,4.982240894911683
3338.449506694708,3338.45927865376,3338.57030490784,3.4894215363569856
3338.449506694708,3338.449506694707,3338.449506694708,0.0
