Best,Mean,Worst,Diversity
4688835892143498.0,4736437451052383.0,5568893499107713.0,7.1186417649688184e+16
4688835892143498.0,4710837332317602.0,5568893499107713.0,3.4322246671604412e+16
4688835892143498.0,4688835892143498.0,4688835892143498.0,0.0
4688835892143498.0,4688835892143498.0,4688835892143498.0,0.0
4688835892143498.0,4688835892143497.0,4688835892143498.0,0.0
