Best,Mean,Worst,Diversity
3361.771242114328,3366.888457566979,3420.5518135042166,1851.432572641977
3361.7227588767278,3363.957946807058,3405.3532203353034,834.2090822478353
3361.7227588767278,3361.765164737728,3361.84108204802,6.693206177250431
3361.7227588767278,3361.744576333648,3361.771242114328,4.799840522406612
3361.7227588767278,3361.7324555242476,3361.771242114328,3.1029272064042743
3361.7227588767278,3361.722758876728,3361.7227588767278,0.0
