Best,Mean,Worst,Diversity
28697.574242959632,29864.313235956848,30809.371062194947,136254.45396298435
28696.88127506875,29396.2069838655,30552.043841260976,91398.51625341742
28696.88127506875,28972.28160737975,29452.061209844993,55210.61269210716
28695.86582903954,28780.970070134365,29260.21737228332,27344.852241929253
28695.219057745886,28726.66939222517,29231.530514235616,11600.179615392877
28695.219057745886,28695.43027918446,28697.574242959632,68.32370530969274
28695.219057745886,28695.23824777823,28695.283024520366,5.373209056313499
28695.219057745886,28695.21905774589,28695.219057745886,0.0
