Best,Mean,Worst,Diversity
301.5904365959212,301.6000118831152,301.6031326212899,0.8013371714203572
301.5904365959212,301.59854231721795,301.6031326212899,1.0185893353249185
301.5904365959212,301.59600311214433,301.60216702428966,1.0966863074130515
301.5904365959212,301.59218963547414,301.59628006109745,0.4908510748066419
301.5904365959212,301.59131311569774,301.59628006109745,0.2980167239897469
301.5904365959212,301.59043659592123,301.5904365959212,0.0
