Best,Mean,Worst,Diversity
30065.810622072975,30592.970417458862,31534.826243578907,101850.90612285442
30028.895179196654,30223.166156371142,30656.119956798488,46126.609140461165
29425.093086009,29832.128963134375,30435.219473179957,67768.21304881434
29424.296699755076,29603.095634167763,30070.57101996395,48969.26544197806
29424.296699755076,29434.80327583217,29515.626440559598,3168.412592252669
29424.296699755076,29428.501298573967,29449.667503975885,1262.0564525939553
29424.296699755076,29425.819274719484,29446.97816769322,544.665662754207
29424.296699755076,29424.508565018205,29427.429051925825,77.68176013135962
29424.296699755076,29424.32755643888,29424.605266593102,11.108406168947113
