Best,Mean,Worst,Diversity
3369.5036863755786,3370.226156765247,3372.521981989023,137.05092642499676
3369.5036863755786,3369.840530557438,3370.3957247174967,45.96301479964541
3369.5036863755786,3369.780727484147,3369.9478646371135,39.66708951329747
3369.5036863755786,3369.7056601485083,3369.9478646371135,39.29788837507385
3369.5036863755786,3369.639671215671,3369.9478646371135,36.06389883262909
3369.5036863755786,3369.519987191544,3369.8297026948594,6.1943100663356745
3369.5036863755786,3369.50368637558,3369.5036863755786,0.0
