Best,Mean,Worst,Diversity
3354.664642507637,3365.9720645255984,3419.719133826339,2869.3772227521986
3354.664642507637,3357.0478730568184,3359.6609101842505,277.89730977064573
3354.664642507637,3356.7476051563353,3359.050784943355,269.17316326210994
3354.664642507637,3356.180656511271,3357.9573352128455,284.8653942019964
3354.664642507637,3355.73501297768,3357.9573352128455,230.62299145981706
3354.664642507637,3354.9345159226955,3356.3350135089713,83.38126636372544
3354.664642507637,3354.7671626559845,3356.209994817541,37.9475550575803
3354.664642507637,3354.6646425076383,3354.664642507637,0.0
