Best,Mean,Worst,Diversity
305.011783717275,307.09784161432134,325.36842145447366,737.2275087649823
305.011783717275,305.04667065449667,305.1616810016304,7.87871280516282
305.011783717275,305.02857109806075,305.1616810016304,4.485175140172942
305.011783717275,305.017588320754,305.0581175250744,1.790287967201209
305.011783717275,305.01410040766496,305.0581175250744,0.8803423481883215
305.011783717275,305.01178371727497,305.011783717275,0.0
