Best,Mean,Worst,Diversity
85.19399999999999,88.32073813633495,147.32100862833892,1184.0829508236825
85.19399999999999,85.21212240437157,85.23930601092897,4.349377049182294
85.19399999999999,85.19626530054641,85.23930601092897,0.8608142076506624
85.19399999999999,85.19626530054641,85.23930601092897,0.8608142076506624
85.19399999999999,85.19399999999997,85.19399999999999,0.0
