Best,Mean,Worst,Diversity
84.87636945812808,84.87636945812807,84.87636945812808,0.0
