Best,Mean,Worst,Diversity
3626358.24866196,3752000.503966324,3834214.010044812,19403238.66392965
3626358.24866196,3662880.211478577,3830824.7066941364,11816298.137866149
3626358.24866196,3626358.24866196,3626358.24866196,0.0
