Best,Mean,Worst,Diversity
14100.887706557185,14454.65095016191,15306.12424269036,68222.15837158525
14100.887706557185,14250.463968713117,14496.447736886199,28591.67848702205
14096.19595974105,14190.385634088994,14496.447736886199,21395.076054744008
14096.19595974105,14147.855636623324,14289.947996787538,12719.853293510243
14096.19595974105,14127.934437542917,14289.947996787538,9433.460236328436
14096.19595974105,14108.545277106361,14289.947996787538,4515.166613851083
14096.19595974105,14108.267296586555,14289.947996787538,4457.28485111203
14096.19595974105,14106.41609781059,14289.947996787538,3862.351017736857
