Best,Mean,Worst,Diversity
13615.424967591094,14033.858831048026,14379.202207118546,54150.85500217765
13598.138799423039,13907.070033042368,14379.202207118546,52329.528780319684
13596.792634470668,13808.277127467405,14234.943885344079,43834.40878476806
13596.792634470668,13677.486869465778,13940.86297289146,22582.934335930324
13594.188515535281,13629.56850530601,13940.86297289146,11242.041616284729
13594.188515535281,13598.761945222384,13609.196710811375,1111.4561574896106
13594.188515535281,13596.182427112455,13609.196710811375,662.2433390390888
13594.188515535281,13594.6800604952,13604.019414733531,186.78708476675638
13594.188515535281,13594.188515535288,13594.188515535281,0.0
