Best,Mean,Worst,Diversity
17802596.403073758,18557869.889510833,20891896.027022272,186346574.7693
17802596.403073758,18006647.60327055,19288217.39449416,70119232.9371268
17802596.403073758,17802681.894363336,17803277.987655763,29736.894364815205
17802596.403073758,17802596.403073765,17802596.403073758,0.0
