Best,Mean,Worst,Diversity
3640836.09591534,3667865.987051071,3758138.000079768,8073319.469567889
3640836.09591534,3644077.7261524736,3653354.17240828,939667.5031485665
3640836.09591534,3642438.127735776,3653354.17240828,554311.7605121825
3640836.09591534,3641606.8564864397,3648543.701626342,277473.8055960685
3640836.09591534,3640836.09591534,3640836.09591534,0.0
