Best,Mean,Worst,Diversity
308.60966737028843,308.81368543767655,308.94808169878416,32.326760313460284
308.60966737028843,308.77984400482694,308.94808169878416,33.757975250688844
308.60966737028843,308.6630006946803,308.94808169878416,17.824789279108074
308.60966737028843,308.64522291988305,308.94808169878416,12.662868514425782
308.60966737028843,308.61052442866105,308.6268085377377,0.32568218153608086
308.60966737028843,308.60966737028855,308.60966737028843,0.0
