Best,Mean,Worst,Diversity
35509.93423563016,35906.767888781265,36698.169329281496,63147.29770314059
35306.78242414819,35670.77601079584,36166.09724202637,40989.54412643967
35165.2592258489,35497.41128374053,35993.536339159255,51308.606895637255
35165.2592258489,35239.052911224324,35573.7526315096,22330.668638738985
35165.2592258489,35201.61705560275,35573.7526315096,12959.169549792721
35165.2592258489,35166.38952547352,35173.04464522598,368.82402321713744
35165.2592258489,35165.718775958856,35170.6605849168,164.50605689635267
35165.2592258489,35165.4381092612,35168.41294432424,66.70384736012784
