Best,Mean,Worst,Diversity
300.2338341402268,300.27079239351457,300.3116773303441,4.456867561346655
300.2338341402268,300.2663937850704,300.29328729976515,3.794308766180734
300.2338341402268,300.24485908556437,300.27876107689167,2.791137693662904
300.2338341402268,300.23891088177805,300.27876107689167,1.5418404600139297
300.2338341402268,300.2359231800613,300.24483223084064,0.6540954935120453
