Best,Mean,Worst,Diversity
17.13212903845262,18.517597938024775,20.044550936073243,217.4152225682431
17.058804071405564,17.58211506858221,18.633434408052615,100.46484805234452
17.058804071405564,17.371876470753286,18.041053136209136,71.06342171821655
17.05500115668884,17.13381603466062,17.274464083097524,14.592048478972405
17.05500115668884,17.10123235361308,17.274464083097524,9.415093226063526
17.05500115668884,17.081004037235427,17.201722381438223,6.216847924749182
17.05500115668884,17.064725824910603,17.109240654997173,2.7474467872386477
