Best,Mean,Worst,Diversity
3333.4908553865707,3347.9102812377578,3408.715062988098,3148.6307411766315
3333.4908553865707,3337.6659709250766,3354.57578387891,1049.0275927998155
3333.4908553865707,3335.6235988699327,3354.57578387891,683.0006630967259
3333.4908553865707,3333.9655220980953,3338.21049859747,156.9282623003396
3333.4908553865707,3333.569390106467,3334.3598769191663,28.267959455126856
3333.4908553865707,3333.5343064631998,3334.3598769191663,16.511409119314976
3333.4908553865707,3333.4908553865694,3333.4908553865707,0.0
