Best,Mean,Worst,Diversity
11850.325360874873,12212.96367407671,12888.072142773326,71190.50381279353
11848.474603405526,11999.733929731257,12417.918649610929,36628.3410946033
11847.36350744341,11900.344271965036,12044.264738627044,14343.320900716917
11846.688368922287,11851.760231680295,11868.840684865896,1021.6470314646012
11846.688368922287,11849.853660662659,11860.239465205546,586.3390788007473
11846.688368922287,11848.469247143097,11860.239465205546,415.5435047422634
11846.688368922287,11847.649385126988,11850.454844608477,217.5277447635508
11846.688368922287,11847.274595601999,11849.138062557098,153.52790424945852
11846.688368922287,11847.035178748682,11849.138062557098,113.90414963771582
