Best,Mean,Worst,Diversity
626.5526261582359,626.8861928392446,627.4530846155893,83.00341483559771
626.5526261582359,626.8210442717531,627.434538737564,73.8138384392239
626.5526261582359,626.688757384854,627.434538737564,45.17204408763337
626.5526261582359,626.5526261582361,626.5526261582359,0.0
