Best,Mean,Worst,Diversity
3356.26367589592,3366.792484856932,3446.2083787096117,3317.7331981604148
3356.26367589592,3357.6363426485977,3360.239899199534,300.0751816680872
3356.26367589592,3356.9042780128125,3359.333806793825,155.54499589033185
3356.26367589592,3356.518089193697,3357.9527004421216,77.87806571314104
3356.26367589592,3356.3552651353516,3357.5617304599023,33.54403526371789
3356.26367589592,3356.3504547535767,3357.5617304599023,32.1009207313009
3356.26367589592,3356.2636758959206,3356.26367589592,0.0
