Best,Mean,Worst,Diversity
590579.5951197846,590579.5951197852,590579.5951197846,0.0
590579.5951197846,590579.5951197848,590579.5951197846,0.0
590579.5951197846,590579.5951197846,590579.5951197846,0.0
