Best,Mean,Worst,Diversity
17806772.43567259,18344699.21112553,20960092.90568584,162561485.95737144
17806772.43567259,18038296.972305417,19541381.48776445,79825935.62882775
17806772.43567259,17951464.804475356,19541381.48776445,52650374.95161413
17806772.43567259,17807004.017389003,17807810.042505633,70995.30020887777
17806772.43567259,17806824.316014238,17807810.042505633,19714.52982784435
17806772.43567259,17806772.435672585,17806772.43567259,0.0
