Best,Mean,Worst,Diversity
83.2653842364532,83.27516886241266,83.2849534883721,1.9569251918895247
83.2653842364532,83.27125501202887,83.2849534883721,1.6438171611872008
83.2653842364532,83.26636269904915,83.2849534883721,0.3718157864590097
83.2653842364532,83.2653842364532,83.2653842364532,0.0
