Best,Mean,Worst,Diversity
40245.12183225152,41211.1130256743,45802.03806094967,264184.7077380357
40245.12183225152,40426.419463441576,40989.5898318009,41097.72600289216
40237.3806314818,40298.27567818253,40466.19734341437,15036.688130469105
40234.0387871205,40261.72172767268,40466.19734341437,7240.342307947656
40234.0387871205,40243.07723471062,40297.823793566604,2273.392503654133
40234.0387871205,40237.47681684701,40258.90505792057,988.6403317985751
40234.0387871205,40236.14157922835,40257.88248379201,654.8383954016172
40234.0387871205,40234.319455615594,40237.04763633362,100.51638020342943
40234.0387871205,40234.06200228442,40234.503090399085,8.821762293067877
