Best,Mean,Worst,Diversity
599141.3791627751,601376.5068932349,610990.4461043782,666470.3766125283
599141.3791627751,599614.332600478,601868.4106728102,114193.15729721636
599141.3791627751,599291.5668777997,599475.1296406075,33041.297305406886
599141.3791627751,599191.44173445,599475.1296406075,17021.274369452032
599141.3791627751,599141.3791627752,599141.3791627751,0.0
