Best,Mean,Worst,Diversity
17806683.52346414,18566960.656856697,20947950.481750146,189117730.25619268
17806420.16011086,18165280.971906547,19757367.98782573,111940159.13921091
17806420.16011086,18049717.123928953,19757367.98782573,84230249.4361098
17806420.16011086,17806652.92974636,17807067.008299533,45394.885505545884
17806420.16011086,17806479.07445668,17806745.940215793,19102.257669329643
17806420.16011086,17806433.32827852,17806683.52346414,5003.9037122912705
17806420.16011086,17806433.32827852,17806683.52346414,5003.9037122912705
17806420.16011086,17806420.160110854,17806420.16011086,0.0
