Best,Mean,Worst
114.60673976374655,121.77273095229597,127.24808329029808
113.54397391260844,117.06029045401768,124.22332184084006
113.04227773854083,115.61776423161284,121.00026733214445
113.04227773854083,114.4877812853626,119.66609403740499
113.04227773854083,113.8314345692495,119.29387469620369
113.04227773854083,113.56072804503526,116.86667483953414
113.04227773854083,113.42480325460524,116.48569783134248
113.04227773854083,113.21761788039149,113.6012678110562
