Best,Mean,Worst,Diversity
17813060.1037262,18237139.648176763,20956953.81837488,139889054.49340877
17813060.1037262,17904074.00120143,19628942.10267877,34553195.540386155
17813060.1037262,17903942.12069369,19628942.10267877,34528851.34733449
17813060.1037262,17813071.622559477,17813177.216884997,3924.102616775781
17813060.1037262,17813069.734834366,17813177.216884997,3433.294087987393
17813060.1037262,17813061.991451316,17813097.858228415,717.335542075336
17813060.1037262,17813061.991451316,17813097.858228415,717.335542075336
17813060.1037262,17813060.103726204,17813060.1037262,0.0
