Best,Mean,Worst
331.8662076145879,334.7271038189677,341.7619408186585
331.77264543720037,333.5004992828564,338.16934177009284
331.77264543720037,332.6027964784398,335.53402591583335
331.77264543720037,332.27674197056444,334.68917857693793
331.77264543720037,331.9147196533328,332.7107392252278
331.77264543720037,331.7888695934451,331.91000420731814
331.77264543720037,331.78685082336136,331.86962880564397
