Best,Mean,Worst,Diversity
329.86367645894234,331.1038616982574,337.00676621006943,375.82778594156605
329.86367645894234,329.9681684084011,330.2916101573444,23.696031595486943
329.86367645894234,329.93745707853924,330.1399300171518,19.24440422515096
329.86367645894234,329.89072683802397,330.1219630408513,8.698703189811056
329.86367645894234,329.8731665117569,329.98734781567634,3.427500698648032
329.86367645894234,329.8658214446273,329.906576172638,0.8150945602172897
329.86367645894234,329.8658214446273,329.906576172638,0.8150945602172897
329.86367645894234,329.8636764589425,329.86367645894234,0.0
