Best,Mean,Worst,Diversity
326.8249900737905,329.1878539527846,336.4381813001174,690.9416025090195
326.70821725604003,327.32123817791904,335.4351090395978,176.60889487985855
326.70821725604003,326.82329296612414,326.9714422582919,16.78583979690478
326.70821725604003,326.78390253333293,326.9714422582919,15.442922293714958
326.70821725604003,326.73933120086974,326.81730218367284,7.137846688873765
326.70821725604003,326.71849613757,326.81730218367284,3.045181699162697
326.70821725604003,326.7101241823019,326.7179465287857,0.6125521010011994
