Best,Mean,Worst,Diversity
17817096.22626089,19503812.992964886,22711627.243292417,350040013.6412907
17817096.22626089,18444923.548930716,20603103.77968564,184092887.9024951
17817096.22626089,18061968.250674494,19461367.915844783,83291862.88110386
17817096.22626089,17817096.226260893,17817096.22626089,0.0
