Best,Mean,Worst,Diversity
17817096.22626089,18656736.698828943,22032398.73984962,233066644.78279597
17817096.22626089,18118805.76260168,19893686.87097174,99347587.81835562
17817096.22626089,17981718.317839526,19893686.87097174,60031414.01626152
17817096.22626089,17817369.862055354,17818610.492677014,88383.33849409968
17817096.22626089,17817096.28716872,17817096.63231306,20.708660781383514
17817096.22626089,17817096.2465635,17817096.63231306,7.714991271495819
17817096.22626089,17817096.226260893,17817096.22626089,0.0
