Best,Mean,Worst,Diversity
85.09280650341229,85.09280650341228,85.09280650341229,0.0
