Best,Mean,Worst,Diversity
3337.48190742792,3365.3328037335423,3454.732750982169,6031.326258395972
3337.2722973373257,3350.1482568605543,3412.290939933017,3570.4878487901583
3336.6805560154085,3341.855872512197,3382.103459903471,1388.082875038982
3336.5477587853593,3339.059624477406,3343.9988269691394,556.670996586804
3336.5399005193167,3337.613665943982,3343.1444069795475,337.2857237758417
3336.5399005193167,3336.5767058537012,3336.731936169878,11.063810493920755
3336.5399005193167,3336.5422579991296,3336.5477587853593,0.6600943475787062
3336.5399005193167,3336.5402934326194,3336.5477587853593,0.14930705480946926
3336.5399005193167,3336.5399005193167,3336.5399005193167,0.0
