Best,Mean,Worst,Diversity
323449.4421576917,324136.8650565339,326660.0981475121,200259.6398161968
323444.82911852794,323646.2892875108,325392.2936751163,69794.64596501825
323444.82911852794,323452.40363122895,323458.01368445816,883.1867309313384
323444.82911852794,323449.80520497053,323454.56540409283,872.0396553138853
323444.82911852794,323447.41301047866,323454.56540409283,728.3432454110007
323444.82911852794,323446.0318089823,323454.4478903764,411.5709880121867
323444.82911852794,323445.86916211963,323454.4478903764,367.79252271115547
323444.82911852794,323444.95340214774,323447.31479092577,47.2277755587711
323444.82911852794,323444.82911852776,323444.82911852794,0.0
