Best,Mean,Worst,Diversity
85.60521474358976,93.85968961251828,151.984303030303,11562.15907179509
85.60521474358976,87.2314031209704,150.65274983881366,2536.8538687137298
85.60521474358976,85.60521474358981,85.60521474358976,0.0
85.60521474358976,101.90650861390304,151.24645408163263,4892.957475752579
85.60521474358976,85.60521474358978,85.60521474358976,0.0
85.60521474358976,85.60521474358974,85.60521474358976,0.0
