Best,Mean,Worst,Diversity
14.100546514431281,14.966876484193099,16.725209916396857,164.89165370273471
14.100546514431281,14.464272750629629,15.107993625740157,69.07927868163219
14.099783271003613,14.28835583484078,14.909150211032523,44.25531989144382
14.099783271003613,14.211632367362611,14.909150211032523,28.88523283730771
14.099783271003613,14.197185738792175,14.909150211032523,29.10512434224519
14.099783271003613,14.136356357159121,14.510954039887025,11.974529039109987
14.099783271003613,14.102717201238386,14.125518786207785,0.9639284536055222
14.099783271003613,14.100466606589048,14.109279405598938,0.24062517885639778
