Best,Mean,Worst,Diversity
17803088.70870046,18523893.124762308,20567158.32377004,176296020.934774
17803088.70870046,18247085.581087325,19646747.033743374,129650075.04508904
17803088.70870046,17992698.76625428,19397491.393076744,65431817.68946284
17803088.70870046,17803131.8127061,17803304.228728667,13793.28180527687
17803088.70870046,17803099.48470187,17803304.228728667,4094.880535941571
17803088.70870046,17803088.70870046,17803088.70870046,0.0
