Best,Mean,Worst,Diversity
317782.7843593495,317814.5762417282,317984.8601326806,10097.949466782855
317782.7843593495,317788.839909139,317846.84769960307,2174.046568175545
317780.4345032475,317788.10663072125,317846.84769960307,2247.8799523472553
317780.4345032475,317781.2356036188,317782.7843593495,209.41933385271113
317780.4345032475,317780.7869816629,317782.7843593495,119.84266120323446
317780.4345032475,317780.55199605273,317782.7843593495,44.647265938459896
317780.4345032475,317780.4345032476,317780.4345032475,0.0
