Best,Mean,Worst,Diversity
553920.2270621223,555287.0180936863,557659.7079204432,297473.89293800236
553920.2270621223,554486.5696540916,557659.7079204432,118146.60370714229
553920.2270621223,554151.0767284707,554220.9343271055,21188.494086549617
553920.2270621223,554086.077202655,554220.9343271055,29159.38180753193
553920.2270621223,554005.5811687981,554220.9343271055,24384.957151158946
553920.2270621223,553975.9715870919,554220.9343271055,17112.00331639347
553920.2270621223,553930.4043525525,554123.7728707243,3867.3703634381527
