Best,Mean,Worst
302.6040941750999,302.6431429856105,302.6750920123918
302.6040941750999,302.6182937425582,302.6750920123918
302.6040941750999,302.6040941750999,302.6040941750999
