Best,Mean,Worst,Diversity
302.6040941750999,302.6431429856105,302.6750920123918,7.028785891902146
302.6040941750999,302.6324933100167,302.6750920123918,6.815792380026323
302.6040941750999,302.60764406696444,302.6750920123918,1.3489589085468765
302.6040941750999,302.60764406696444,302.6750920123918,1.3489589085468765
302.6040941750999,302.60764406696444,302.6750920123918,1.3489589085468765
302.6040941750999,302.6040941750999,302.6040941750999,0.0
