Best,Mean,Worst
80.2086683087028,80.28650662317114,80.3929393939394
80.2086683087028,80.25006539416117,80.3929393939394
80.2086683087028,80.22957334545067,80.3929393939394
80.2086683087028,80.22035979118884,80.3929393939394
80.2086683087028,80.21032026085227,80.21692806945019
80.2086683087028,80.21032026085227,80.21692806945019
80.2086683087028,80.21032026085227,80.21692806945019
