Best,Mean,Worst,Diversity
13.98778091328149,15.084727978311287,16.76551279826049,198.77574074926054
13.98778091328149,14.450333764878314,15.544897383588108,94.35767794477636
13.98778091328149,14.131815411699467,14.620011094877345,34.37967807499113
13.985217805319277,14.023258028676844,14.138393472473211,9.475311370856016
13.985217805319277,14.005037668422204,14.11064327216791,5.796333267795227
13.985217805319277,13.987150617366243,13.994011642443958,0.43385807167753576
13.985217805319277,13.985479957522639,13.98778091328149,0.091870690319233
13.985217805319277,13.985337169056674,13.986411442693253,0.0429709454631535
13.985217805319277,13.985217805319277,13.985217805319277,0.0
