Best,Mean,Worst,Diversity
3356.26367589592,3366.792484856932,3446.2083787096117,3317.7331981604148
3356.26367589592,3357.518560497192,3360.192250623667,263.49012599298203
3356.26367589592,3357.106889271248,3360.192250623667,196.585627916847
3356.26367589592,3356.598884215269,3357.8967002850427,92.74420622165371
3356.26367589592,3356.2758727614228,3356.411405570481,4.442393620058283
3356.26367589592,3356.2636758959206,3356.26367589592,0.0
