Best,Mean,Worst,Diversity
15.050905595480616,16.087759896585,17.9183658761256,208.04146272771212
15.047604616794715,15.426142415081518,16.9272066342507,95.04610434210353
14.957737627995341,15.163009096188897,16.379476191120936,51.95289918673787
14.957737627995341,15.041748070332597,15.862091786768787,27.100556084068145
14.957737627995341,14.979475798366149,15.103174159737161,6.859192762726538
14.957737627995341,14.958814131768426,14.974427304910215,0.3727357637647586
14.957737627995341,14.958511703804565,14.973219144179897,0.294148807506561
14.957737627995341,14.958511703804565,14.973219144179897,0.294148807506561
