Best,Mean,Worst,Diversity
3333.4908553865707,3347.9102812377578,3408.715062988098,3148.6307411766315
3333.4908553865707,3338.9226903466647,3360.1056746625545,1465.7703137092913
3333.4908553865707,3337.0206216269085,3354.6347670941814,1068.934851675593
3333.4908553865707,3334.3932928504037,3338.9862412362295,295.52619501541085
3333.4908553865707,3333.8104730385176,3338.8422985178736,118.85722279946367
3333.4908553865707,3333.4908553865694,3333.4908553865707,0.0
