Best,Mean,Worst
532570.6733127097,532570.6733127094,532570.6733127097
