Best,Mean,Worst
538657.0211465756,538657.0211465756,538657.0211465756
