Best,Mean,Worst,Diversity
325.4956893989936,325.5607144453441,325.68919067062734,16.765586767753632
325.4956893989936,325.53393990369995,325.68919067062734,11.523186758897452
325.4956893989936,325.5003119762795,325.5201522045585,1.4859976717639256
325.4956893989936,325.49681110079825,325.5181234350852,0.426246685740864
325.4956893989936,325.4956893989937,325.4956893989936,0.0
