Best,Mean,Worst,Diversity
3339.678832753681,3360.5859159046986,3414.4207783182023,5141.01253349587
3339.678832753681,3344.12888125596,3349.6886778643534,754.2745510921513
3337.7981514147064,3342.386445210445,3349.6886778643534,881.0312710823168
3337.5132144600234,3340.9360765474203,3348.7667499932604,794.9655825898694
3337.5132144600234,3340.0602233932086,3347.310501424651,643.9731266759072
3337.5132144600234,3338.3667052048195,3345.721531660799,287.78808938469774
3337.5132144600234,3337.541195542143,3337.7650211621244,9.90516484880527
3337.5132144600234,3337.5241809008085,3337.6765350375335,4.055231022283806
3337.5132144600234,3337.5132144600225,3337.5132144600234,0.0
