Best,Mean,Worst,Diversity
626.5526261582359,626.8861928392446,627.4530846155893,83.00341483559771
626.5526261582359,626.620691771545,627.434538737564,24.906133683696908
626.5526261582359,626.5526261582361,626.5526261582359,0.0
