Best,Mean,Worst,Diversity
101.19138578051488,106.3870018975668,113.06759405856094,640.2253586799834
100.59157882740773,102.63292740120032,106.68056861063721,394.3938977654948
100.59157882740773,101.55337146046546,106.52229072221942,247.2997836528382
100.32125689877051,100.99762255651213,103.0839876563723,133.51370592305628
100.32125689877051,100.63131246151477,102.27851193272308,79.00427841588304
100.32125689877051,100.53937248816483,102.27851193272308,60.492141532481966
100.32125689877051,100.47187040416432,102.27851193272308,50.01011588371337
100.32125689877051,100.44080378664131,102.27851193272308,43.8879436809752
100.32125689877051,100.42767091040932,102.27851193272308,39.83082970322191
