Best,Mean,Worst,Diversity
76.64792520628949,85.2776088404764,98.13464844936695,1269.3138121172406
76.0816238856966,80.901472722584,89.71889604818531,862.7914493951623
75.5391858092726,78.27216647013412,86.11142760896004,591.3933440159545
75.5391858092726,76.33220635780607,80.6539376577606,214.27561087181198
75.49966237132351,75.65631666761188,76.32798673592382,40.362740754890964
75.49966237132351,75.54332766365935,75.74944192907137,11.992061685875413
75.49966237132351,75.50875482509369,75.56186860760317,2.9779367629348457
75.49966237132351,75.50366834138227,75.53987365265024,1.442452382633732
