Best,Mean,Worst,Diversity
17812529.756277796,19554031.64449955,22244356.2810901,309984954.0929323
17812529.756277796,18908273.536875404,22244356.2810901,296790793.6022773
17812529.756277796,18258157.76249853,20363735.120198917,145894609.98973513
17812529.756277796,18143515.211317234,20359698.34989249,114548339.28451622
17812529.756277796,18066991.090569414,20359698.34989249,91606594.80286008
17812529.756277796,18066967.381778367,20359698.34989249,91600524.3632262
17812529.756277796,18066635.045211982,20353592.573835034,91475318.37854019
