Best,Mean,Worst,Diversity
318000.18260544224,318467.60148259526,319622.33154383965,114815.82030283281
318000.18260544224,318207.6916037647,319201.60422038665,60457.83260402095
318000.18260544224,318042.9196111739,318305.1014825289,14185.923790717032
318000.18260544224,318001.5378090864,318004.8949591585,382.0297721773968
318000.18260544224,318000.3870331178,318002.63241132494,71.12752619863022
318000.18260544224,318000.30509573646,318002.63241132494,46.54631177132251
318000.18260544224,318000.1826054423,318000.18260544224,0.0
