Best,Mean,Worst,Diversity
3364.336344592305,3389.349800297742,3439.113910406224,5680.184250478901
3364.336344592305,3377.435205733926,3433.2017521985554,3277.965595660209
3364.2068456813276,3369.0267895813827,3398.3657395665646,1336.6379745475838
3364.2068456813276,3365.2342210391,3373.507163391801,335.6586019155184
3364.2068456813276,3364.3821507145644,3364.90123871013,40.94387919752489
3364.2068456813276,3364.249662839097,3364.5623324525664,14.390839138408865
3364.2068456813276,3364.2232465571033,3364.3708544390806,5.904315279107323
3364.2068456813276,3364.2068456813276,3364.2068456813276,0.0
