Best,Mean,Worst,Diversity
17.13212903845262,18.517597938024775,20.044550936073243,217.4152225682431
17.113309116182435,17.62977828904695,18.587634055755338,115.3962316346771
17.094304493454196,17.3510179925344,18.132560059604273,63.737475261465136
17.058804071405564,17.135659157336683,17.3113558394256,12.48456612213986
17.05500115668884,17.083813119827735,17.136806488824412,5.645453516226016
17.05500115668884,17.07669740418652,17.136806488824412,4.853035014160685
17.05500115668884,17.065433844710725,17.094304493454196,2.7955669218844115
17.05500115668884,17.05901940959473,17.08098862524471,1.3367452116841818
