Best,Mean,Worst,Diversity
85.73067152742696,92.00093076722546,109.65665657241995,969.3644538329692
85.10216057173486,88.69240171450218,94.13220963397255,736.883815945871
85.10216057173486,87.03443094988286,94.13220963397255,490.7334895862986
85.09006276434502,86.21711748482349,93.55778280412551,319.303213624185
85.09006276434502,85.54737527455083,88.42405811266175,135.0080166751123
85.09006276434502,85.13877258649538,85.63250084076904,16.173832251363706
85.09006276434502,85.09702945529095,85.1247395449144,2.1875187126161677
