Best,Mean,Worst,Diversity
317101.7330866983,317124.12577904866,317183.11314895423,5338.585941054393
317101.7330866983,317104.98948371335,317150.7073257865,1205.123463266238
317099.6071262934,317104.4779446811,317142.602505545,1091.5251263700193
317099.4682289677,317100.5429738768,317101.7330866983,217.55384369404055
317099.4682289677,317099.7363839386,317101.7330866983,89.86871784506366
317099.4682289677,317099.46822896774,317099.4682289677,0.0
