Best,Mean,Worst,Diversity
317782.7843593495,317814.5762417282,317984.8601326806,10097.949466782855
317782.7843593495,317796.26251985517,317923.960882755,4635.005671327061
317781.6430368568,317783.89252847165,317805.0346632987,500.27249757555546
317781.14884045103,317782.3733887113,317784.53098965815,168.67489267111523
317780.4345032475,317781.4603505521,317782.7843593495,186.68995309236925
317780.4345032475,317781.14023169474,317782.7843593495,167.86938167893095
317780.4345032475,317780.50593696797,317781.14884045103,25.716139327269047
317780.4345032475,317780.4345032476,317780.4345032475,0.0
