Best,Mean,Worst,Diversity
17806772.43567259,18344699.21112553,20960092.90568584,162561485.95737144
17806772.43567259,18013574.004423026,19627312.564743306,71614763.26109792
17806772.43567259,17806906.770441193,17807810.042505633,45300.15867699683
17806772.43567259,17806785.463143576,17806902.71038248,4689.889556095004
17806772.43567259,17806772.435672585,17806772.43567259,0.0
