Best,Mean,Worst,Diversity
4029724.848096224,4222608.404847326,4674400.740561501,50032213.21874177
4029724.848096224,4076345.3854190847,4601593.04030786,16994719.074196182
4029724.848096224,4065779.103520783,4390267.402341818,12979531.95284141
4029724.848096224,4029724.848096223,4029724.848096224,0.0
