Best,Mean,Worst,Diversity
3349.2164385314018,3355.770019494094,3384.321295416437,1621.7850510262883
3349.2164385314018,3351.7614899673035,3361.2517424554107,693.157464029242
3349.2164385314018,3350.602564210407,3355.3278488400942,400.14635743097097
3349.2164385314018,3349.7719291073126,3355.0623303215925,177.09178391968135
3349.2164385314018,3349.2574364692446,3349.3915024260577,11.704331201318382
3349.2164385314018,3349.2200020467208,3349.2877088377772,1.3541358211341503
3349.2164385314018,3349.2164385314018,3349.2164385314018,0.0
