Best,Mean,Worst,Diversity
18808.606325817585,20064.114805665176,21443.29564582684,237579.63437075008
18808.606325817585,19060.26854397401,20979.81144912952,81710.2563937608
18808.606325817585,18860.53811582402,19454.524754669612,16775.0378273387
18808.606325817585,18813.379971466933,18827.941116878643,1306.2943278116036
18808.252702594553,18810.0976657986,18821.63329427642,500.6934183383528
18808.252702594553,18808.797154763677,18814.384386567617,168.87925118723433
18808.252702594553,18808.252702594556,18808.252702594553,0.0
