Best,Mean,Worst,Diversity
3342.163971063994,3355.7488830946213,3382.313904534451,2766.351819340408
3342.163971063994,3348.1753884019663,3364.8015226872167,1227.7092640724695
3342.073459988533,3346.0053011161735,3364.765345700196,954.6382748749543
3342.073459988533,3343.781880939476,3347.3381547409545,385.35442684129794
3342.073459988533,3343.09795901019,3347.3381547409545,271.3927194944117
3342.073459988533,3342.9545271473025,3347.3381547409545,245.80170356726967
3342.073459988533,3342.691480739474,3345.568997664321,174.9868303745543
3342.073459988533,3342.4751045922108,3344.5314475885198,118.68571041821724
