Best,Mean,Worst
616.1815996416583,616.1815996416584,616.1815996416583
