Best,Mean,Worst,Diversity
636.8510044021436,646.0340670784133,1001.3552611815101,14288.940521452534
636.8510044021436,636.8921038852684,637.0858585914295,54.25131772504233
636.8510044021436,636.8568757568755,637.0858585914295,9.159313382150003
636.8510044021436,636.8510044021434,636.8510044021436,0.0
636.8510044021436,636.980174206251,637.0858585914295,23.250564739303854
636.8510044021436,636.8862325305367,637.0858585914295,11.977563653580773
636.8510044021436,636.8744898210724,637.0858585914295,8.45475081429231
636.8510044021436,636.8510044021439,636.8510044021436,0.0
636.8510044021436,636.8510044021438,636.8510044021436,0.0
