Best,Mean,Worst,Diversity
84.56322222222224,84.57885555555558,84.59164646464646,2.8139999999980034
84.56322222222224,84.5660646464647,84.59164646464646,1.0232727272720012
84.56322222222224,84.56322222222227,84.56322222222224,0.0
