Best,Mean,Worst,Diversity
3357.5854712729642,3358.9249348271114,3361.8618332097476,320.80942093026715
3357.4710795752057,3358.068061353649,3361.6192043134215,138.066326375862
3357.442845693167,3357.646753752585,3358.3361419451603,53.17043354057387
3357.442845693167,3357.5397366937636,3358.2489217318534,28.72566667234514
3357.442845693167,3357.462236971599,3357.5854712729642,4.6817583234328595
3357.442845693167,3357.450431388688,3357.469239410978,1.926341664384836
3357.442845693167,3357.446583137623,3357.469239410978,1.1784530371010078
3357.442845693167,3357.442845693165,3357.442845693167,0.0
