Best,Mean,Worst,Diversity
601.9597273369909,602.3993738153164,602.6924714675336,70.34343653209362
601.9597273369909,602.289462195735,602.6924714675336,72.54166892372155
601.9597273369909,602.1093916260832,602.6924714675336,47.58102621114131
601.9597273369909,601.9628427999746,602.0220365966647,1.1838759338029377
601.9597273369909,601.9597273369909,601.9597273369909,0.0
