Best,Mean,Worst,Diversity
101.54269624312079,109.8163060326641,117.13191515449635,639.4559704419742
101.22212892890855,104.94265724339661,110.94717202558164,775.5111865400299
101.21556092903371,102.4541066117442,108.65427935336007,294.32873676068607
101.21528116301903,101.88308649161004,103.68755227866717,158.7753727290637
101.21528116301903,101.28031537377659,101.97612648284925,22.129124405290966
101.21528116301903,101.22130769490438,101.24176229418927,1.658689750148227
101.13790138700392,101.18238350799682,101.24176229418927,8.357191137331768
101.13790138700392,101.14177037580467,101.21528116301903,1.4702157442870316
101.13790138700392,101.13790138700392,101.13790138700392,0.0
